
*** Running vivado
    with args -log Top_Student.vds -m64 -product Vivado -mode batch -messageDb vivado.pb -notrace -source Top_Student.tcl


****** Vivado v2018.2 (64-bit)
  **** SW Build 2258646 on Thu Jun 14 20:03:12 MDT 2018
  **** IP Build 2256618 on Thu Jun 14 22:10:49 MDT 2018
    ** Copyright 1986-2018 Xilinx, Inc. All Rights Reserved.

source Top_Student.tcl -notrace
Command: synth_design -top Top_Student -part xc7a35tcpg236-1
Starting synth_design
Attempting to get a license for feature 'Synthesis' and/or device 'xc7a35t'
INFO: [Common 17-349] Got license for feature 'Synthesis' and/or device 'xc7a35t'
INFO: Launching helper process for spawning children vivado processes
INFO: Helper process launched with PID 13948 
---------------------------------------------------------------------------------
Starting RTL Elaboration : Time (s): cpu = 00:00:02 ; elapsed = 00:00:02 . Memory (MB): peak = 389.469 ; gain = 102.535
---------------------------------------------------------------------------------
INFO: [Synth 8-6157] synthesizing module 'Top_Student' [C:/VivadoProjects/ee2026/FDP/FDP.srcs/sources_1/new/Top_Student.v:5]
	Parameter COUNTDOWN_TIME bound to: 50000000 - type: integer 
	Parameter WALL_COLOR bound to: 16'b1111111111111111 
	Parameter one_third bound to: 85 - type: integer 
	Parameter two_third bound to: 170 - type: integer 
	Parameter STORE_DATA bound to: 0 - type: integer 
	Parameter UPDATE bound to: 1 - type: integer 
INFO: [Synth 8-6157] synthesizing module 'variable_clock' [C:/VivadoProjects/ee2026/FDP/FDP.srcs/sources_1/new/variable_clock.v:3]
	Parameter CLOCK_SPEED bound to: 100000000 - type: integer 
	Parameter OUT_SPEED bound to: 50000000 - type: integer 
	Parameter M bound to: 0 - type: integer 
INFO: [Synth 8-6155] done synthesizing module 'variable_clock' (1#1) [C:/VivadoProjects/ee2026/FDP/FDP.srcs/sources_1/new/variable_clock.v:3]
INFO: [Synth 8-638] synthesizing module 'MouseCtl' [C:/VivadoProjects/ee2026/FDP/FDP.srcs/sources_1/imports/Desktop/Mouse_Control.vhd:212]
	Parameter SYSCLK_FREQUENCY_HZ bound to: 50000000 - type: integer 
	Parameter CHECK_PERIOD_MS bound to: 500 - type: integer 
	Parameter TIMEOUT_PERIOD_MS bound to: 100 - type: integer 
INFO: [Synth 8-3491] module 'Ps2Interface' declared at 'C:/VivadoProjects/ee2026/FDP/FDP.srcs/sources_1/imports/Desktop/Ps2Interface.vhd:156' bound to instance 'Inst_Ps2Interface' of component 'Ps2Interface' [C:/VivadoProjects/ee2026/FDP/FDP.srcs/sources_1/imports/Desktop/Mouse_Control.vhd:374]
INFO: [Synth 8-638] synthesizing module 'Ps2Interface' [C:/VivadoProjects/ee2026/FDP/FDP.srcs/sources_1/imports/Desktop/Ps2Interface.vhd:184]
INFO: [Synth 8-256] done synthesizing module 'Ps2Interface' (2#1) [C:/VivadoProjects/ee2026/FDP/FDP.srcs/sources_1/imports/Desktop/Ps2Interface.vhd:184]
WARNING: [Synth 8-6014] Unused sequential element inc_reg was removed.  [C:/VivadoProjects/ee2026/FDP/FDP.srcs/sources_1/imports/Desktop/Mouse_Control.vhd:455]
WARNING: [Synth 8-6014] Unused sequential element x_inter_reg was removed.  [C:/VivadoProjects/ee2026/FDP/FDP.srcs/sources_1/imports/Desktop/Mouse_Control.vhd:461]
WARNING: [Synth 8-6014] Unused sequential element inc_reg was removed.  [C:/VivadoProjects/ee2026/FDP/FDP.srcs/sources_1/imports/Desktop/Mouse_Control.vhd:519]
WARNING: [Synth 8-6014] Unused sequential element y_inter_reg was removed.  [C:/VivadoProjects/ee2026/FDP/FDP.srcs/sources_1/imports/Desktop/Mouse_Control.vhd:525]
INFO: [Synth 8-256] done synthesizing module 'MouseCtl' (3#1) [C:/VivadoProjects/ee2026/FDP/FDP.srcs/sources_1/imports/Desktop/Mouse_Control.vhd:212]
INFO: [Synth 8-6157] synthesizing module 'uart_tx' [C:/VivadoProjects/ee2026/FDP/FDP.srcs/sources_1/new/uart.v:9]
	Parameter DIV bound to: 434 - type: integer 
	Parameter WAIT bound to: 1'b0 
	Parameter TRANSMIT bound to: 1'b1 
	Parameter TOTAL_BITS bound to: 26 - type: integer 
	Parameter COUNTER_BITS bound to: 9 - type: integer 
	Parameter INDEX_BITS bound to: 5 - type: integer 
INFO: [Synth 8-6155] done synthesizing module 'uart_tx' (4#1) [C:/VivadoProjects/ee2026/FDP/FDP.srcs/sources_1/new/uart.v:9]
INFO: [Synth 8-6157] synthesizing module 'uart_rx' [C:/VivadoProjects/ee2026/FDP/FDP.srcs/sources_1/new/uart.v:92]
	Parameter DIV bound to: 434 - type: integer 
	Parameter WAIT bound to: 2'b00 
	Parameter RECEIVE bound to: 2'b01 
	Parameter EXPORT bound to: 2'b10 
	Parameter TOTAL_BITS bound to: 26 - type: integer 
	Parameter COUNTER_BITS bound to: 9 - type: integer 
	Parameter INDEX_BITS bound to: 5 - type: integer 
INFO: [Synth 8-155] case statement is not full and has no default [C:/VivadoProjects/ee2026/FDP/FDP.srcs/sources_1/new/uart.v:115]
INFO: [Synth 8-155] case statement is not full and has no default [C:/VivadoProjects/ee2026/FDP/FDP.srcs/sources_1/new/uart.v:145]
WARNING: [Synth 8-5788] Register data_reg in module uart_rx is has both Set and reset with same priority. This may cause simulation mismatches. Consider rewriting code  [C:/VivadoProjects/ee2026/FDP/FDP.srcs/sources_1/new/uart.v:174]
INFO: [Synth 8-6155] done synthesizing module 'uart_rx' (5#1) [C:/VivadoProjects/ee2026/FDP/FDP.srcs/sources_1/new/uart.v:92]
INFO: [Synth 8-6157] synthesizing module 'pairing_fsm' [C:/VivadoProjects/ee2026/FDP/FDP.srcs/sources_1/new/board_communication.v:37]
	Parameter REQ_CODE bound to: 8'b10101010 
	Parameter ACK_CODE bound to: 8'b10111011 
	Parameter CONFIRM_CODE bound to: 8'b11001100 
	Parameter CANCEL_CODE bound to: 8'b11011101 
	Parameter HEARTBEAT_CODE bound to: 8'b11101110 
	Parameter HB_INTERVAL bound to: 5000000 - type: integer 
	Parameter HB_TIMEOUT bound to: 25000000 - type: integer 
INFO: [Synth 8-155] case statement is not full and has no default [C:/VivadoProjects/ee2026/FDP/FDP.srcs/sources_1/new/board_communication.v:101]
INFO: [Synth 8-6155] done synthesizing module 'pairing_fsm' (6#1) [C:/VivadoProjects/ee2026/FDP/FDP.srcs/sources_1/new/board_communication.v:37]
INFO: [Synth 8-6157] synthesizing module 'package_game_data' [C:/VivadoProjects/ee2026/FDP/FDP.srcs/sources_1/new/board_communication.v:6]
INFO: [Synth 8-6155] done synthesizing module 'package_game_data' (7#1) [C:/VivadoProjects/ee2026/FDP/FDP.srcs/sources_1/new/board_communication.v:6]
INFO: [Synth 8-6157] synthesizing module 'variable_clock__parameterized0' [C:/VivadoProjects/ee2026/FDP/FDP.srcs/sources_1/new/variable_clock.v:3]
	Parameter CLOCK_SPEED bound to: 50000000 - type: integer 
	Parameter OUT_SPEED bound to: 6250000 - type: integer 
	Parameter M bound to: 3 - type: integer 
INFO: [Synth 8-6155] done synthesizing module 'variable_clock__parameterized0' (7#1) [C:/VivadoProjects/ee2026/FDP/FDP.srcs/sources_1/new/variable_clock.v:3]
INFO: [Synth 8-6157] synthesizing module 'Oled_Display' [C:/VivadoProjects/ee2026/FDP/FDP.srcs/sources_1/imports/Desktop/Oled_Display.v:36]
	Parameter Width bound to: 96 - type: integer 
	Parameter Height bound to: 64 - type: integer 
	Parameter PixelCount bound to: 6144 - type: integer 
	Parameter PixelCountWidth bound to: 13 - type: integer 
	Parameter ClkFreq bound to: 6250000 - type: integer 
	Parameter FrameFreq bound to: 60 - type: integer 
	Parameter FrameDiv bound to: 104166 - type: integer 
	Parameter FrameDivWidth bound to: 17 - type: integer 
	Parameter PowerDelay bound to: 20 - type: integer 
	Parameter ResetDelay bound to: 3 - type: integer 
	Parameter VccEnDelay bound to: 20 - type: integer 
	Parameter StartupCompleteDelay bound to: 100 - type: integer 
	Parameter MaxDelay bound to: 100 - type: integer 
	Parameter MaxDelayCount bound to: 625000 - type: integer 
	Parameter StateCount bound to: 32 - type: integer 
	Parameter StateWidth bound to: 5 - type: integer 
	Parameter PowerUp bound to: 5'b00000 
	Parameter Reset bound to: 5'b00001 
	Parameter ReleaseReset bound to: 5'b00011 
	Parameter EnableDriver bound to: 5'b00010 
	Parameter DisplayOff bound to: 5'b00110 
	Parameter SetRemapDisplayFormat bound to: 5'b00111 
	Parameter SetStartLine bound to: 5'b00101 
	Parameter SetOffset bound to: 5'b00100 
	Parameter SetNormalDisplay bound to: 5'b01100 
	Parameter SetMultiplexRatio bound to: 5'b01101 
	Parameter SetMasterConfiguration bound to: 5'b01111 
	Parameter DisablePowerSave bound to: 5'b01110 
	Parameter SetPhaseAdjust bound to: 5'b01010 
	Parameter SetDisplayClock bound to: 5'b01011 
	Parameter SetSecondPrechargeA bound to: 5'b01001 
	Parameter SetSecondPrechargeB bound to: 5'b01000 
	Parameter SetSecondPrechargeC bound to: 5'b11000 
	Parameter SetPrechargeLevel bound to: 5'b11001 
	Parameter SetVCOMH bound to: 5'b11011 
	Parameter SetMasterCurrent bound to: 5'b11010 
	Parameter SetContrastA bound to: 5'b11110 
	Parameter SetContrastB bound to: 5'b11111 
	Parameter SetContrastC bound to: 5'b11101 
	Parameter DisableScrolling bound to: 5'b11100 
	Parameter ClearScreen bound to: 5'b10100 
	Parameter VccEn bound to: 5'b10101 
	Parameter DisplayOn bound to: 5'b10111 
	Parameter PrepareNextFrame bound to: 5'b10110 
	Parameter SetColAddress bound to: 5'b10010 
	Parameter SetRowAddress bound to: 5'b10011 
	Parameter WaitNextFrame bound to: 5'b10001 
	Parameter SendPixel bound to: 5'b10000 
	Parameter SpiCommandMaxWidth bound to: 40 - type: integer 
	Parameter SpiCommandBitCountWidth bound to: 6 - type: integer 
INFO: [Synth 8-226] default block is never used [C:/VivadoProjects/ee2026/FDP/FDP.srcs/sources_1/imports/Desktop/Oled_Display.v:123]
INFO: [Synth 8-226] default block is never used [C:/VivadoProjects/ee2026/FDP/FDP.srcs/sources_1/imports/Desktop/Oled_Display.v:198]
WARNING: [Synth 8-693] zero replication count - replication ignored [C:/VivadoProjects/ee2026/FDP/FDP.srcs/sources_1/imports/Desktop/Oled_Display.v:346]
INFO: [Synth 8-6155] done synthesizing module 'Oled_Display' (8#1) [C:/VivadoProjects/ee2026/FDP/FDP.srcs/sources_1/imports/Desktop/Oled_Display.v:36]
INFO: [Synth 8-6157] synthesizing module 'interface_fsm' [C:/VivadoProjects/ee2026/FDP/FDP.srcs/sources_1/new/user_interface.v:10]
	Parameter BUTTON_HOME_SINGLE bound to: 1'b0 
	Parameter BUTTON_HOME_MULTI bound to: 1'b1 
	Parameter BUTTON_MENU_BACK bound to: 2'b00 
	Parameter BUTTON_MENU_RESUME bound to: 2'b01 
	Parameter BUTTON_MENU_RESTART bound to: 2'b10 
	Parameter BUTTON_PAIR_BACK bound to: 2'b00 
	Parameter BUTTON_PAIR_START bound to: 2'b01 
	Parameter BUTTON_PAIR_PAIR bound to: 2'b10 
	Parameter DEATH_PAUSE_TIME bound to: 150000000 - type: integer 
INFO: [Synth 8-6157] synthesizing module 'debounce' [C:/VivadoProjects/ee2026/FDP/FDP.srcs/sources_1/new/button_debounce.v:3]
	Parameter DEBOUNCE_COUNT bound to: 10000000 - type: integer 
INFO: [Synth 8-6155] done synthesizing module 'debounce' (9#1) [C:/VivadoProjects/ee2026/FDP/FDP.srcs/sources_1/new/button_debounce.v:3]
INFO: [Synth 8-226] default block is never used [C:/VivadoProjects/ee2026/FDP/FDP.srcs/sources_1/new/user_interface.v:237]
INFO: [Synth 8-155] case statement is not full and has no default [C:/VivadoProjects/ee2026/FDP/FDP.srcs/sources_1/new/user_interface.v:426]
WARNING: [Synth 8-6014] Unused sequential element big_row_reg was removed.  [C:/VivadoProjects/ee2026/FDP/FDP.srcs/sources_1/new/user_interface.v:354]
INFO: [Synth 8-6155] done synthesizing module 'interface_fsm' (10#1) [C:/VivadoProjects/ee2026/FDP/FDP.srcs/sources_1/new/user_interface.v:10]
INFO: [Synth 8-6157] synthesizing module 'lfsr_rng' [C:/VivadoProjects/ee2026/FDP/FDP.srcs/sources_1/new/lfsr_rng.v:3]
INFO: [Synth 8-6155] done synthesizing module 'lfsr_rng' (11#1) [C:/VivadoProjects/ee2026/FDP/FDP.srcs/sources_1/new/lfsr_rng.v:3]
INFO: [Synth 8-6157] synthesizing module 'p1_controller' [C:/VivadoProjects/ee2026/FDP/FDP.srcs/sources_1/new/p1_controller.v:5]
INFO: [Synth 8-6157] synthesizing module 'movement_controller' [C:/VivadoProjects/ee2026/FDP/FDP.srcs/sources_1/new/movement_controller.v:5]
	Parameter MAX_MOVE_COUNT bound to: 2500000 - type: integer 
INFO: [Synth 8-6155] done synthesizing module 'movement_controller' (12#1) [C:/VivadoProjects/ee2026/FDP/FDP.srcs/sources_1/new/movement_controller.v:5]
INFO: [Synth 8-6157] synthesizing module 'bomb_controller' [C:/VivadoProjects/ee2026/FDP/FDP.srcs/sources_1/new/bomb_controller.v:5]
	Parameter BOMB_COUNTDOWN_TIME bound to: 100000000 - type: integer 
	Parameter BOMB_BLINK_TIME bound to: 25000000 - type: integer 
	Parameter EXPLOSION_TIME bound to: 50000000 - type: integer 
	Parameter EXPLOSION_STAGE_TIME bound to: 16666666 - type: integer 
	Parameter ST_IDLE bound to: 2'b00 
	Parameter ST_COUNTDOWN bound to: 2'b01 
	Parameter ST_EXPLODE bound to: 2'b10 
INFO: [Synth 8-6155] done synthesizing module 'bomb_controller' (13#1) [C:/VivadoProjects/ee2026/FDP/FDP.srcs/sources_1/new/bomb_controller.v:5]
INFO: [Synth 8-6157] synthesizing module 'stun_controller' [C:/VivadoProjects/ee2026/FDP/FDP.srcs/sources_1/new/stun_controller.v:5]
	Parameter HALF_TILE bound to: 3 - type: integer 
	Parameter STUN_DURATION bound to: 25000000 - type: integer 
	Parameter COOLDOWN_TIME bound to: 100000000 - type: integer 
	Parameter ST_READY bound to: 2'b00 
	Parameter ST_ACTIVE bound to: 2'b01 
	Parameter ST_COOLDOWN bound to: 2'b10 
INFO: [Synth 8-6155] done synthesizing module 'stun_controller' (14#1) [C:/VivadoProjects/ee2026/FDP/FDP.srcs/sources_1/new/stun_controller.v:5]
INFO: [Synth 8-6155] done synthesizing module 'p1_controller' (15#1) [C:/VivadoProjects/ee2026/FDP/FDP.srcs/sources_1/new/p1_controller.v:5]
INFO: [Synth 8-6157] synthesizing module 'p2_controller' [C:/VivadoProjects/ee2026/FDP/FDP.srcs/sources_1/new/p2_controller.v:5]
	Parameter BOT_HUNT bound to: 3'b000 
	Parameter BOT_ESCAPE bound to: 3'b001 
	Parameter BOT_ESCAPE_PATH bound to: 3'b010 
	Parameter BOT_ESCAPE_HUNT bound to: 3'b011 
	Parameter BOT_BOMB bound to: 3'b100 
INFO: [Synth 8-6157] synthesizing module 'bot_escape' [C:/VivadoProjects/ee2026/FDP/FDP.srcs/sources_1/new/bot_escape.v:5]
	Parameter DIR_NONE bound to: 3'b000 
	Parameter DIR_UP bound to: 3'b001 
	Parameter DIR_DOWN bound to: 3'b010 
	Parameter DIR_LEFT bound to: 3'b011 
	Parameter DIR_RIGHT bound to: 3'b100 
WARNING: [Synth 8-5788] Register escape_tx_reg in module bot_escape is has both Set and reset with same priority. This may cause simulation mismatches. Consider rewriting code  [C:/VivadoProjects/ee2026/FDP/FDP.srcs/sources_1/new/bot_escape.v:109]
WARNING: [Synth 8-5788] Register escape_ty_reg in module bot_escape is has both Set and reset with same priority. This may cause simulation mismatches. Consider rewriting code  [C:/VivadoProjects/ee2026/FDP/FDP.srcs/sources_1/new/bot_escape.v:110]
INFO: [Synth 8-6155] done synthesizing module 'bot_escape' (16#1) [C:/VivadoProjects/ee2026/FDP/FDP.srcs/sources_1/new/bot_escape.v:5]
INFO: [Synth 8-155] case statement is not full and has no default [C:/VivadoProjects/ee2026/FDP/FDP.srcs/sources_1/new/p2_controller.v:115]
INFO: [Synth 8-6155] done synthesizing module 'p2_controller' (17#1) [C:/VivadoProjects/ee2026/FDP/FDP.srcs/sources_1/new/p2_controller.v:5]
INFO: [Synth 8-6157] synthesizing module 'a_star_mux' [C:/VivadoProjects/ee2026/FDP/FDP.srcs/sources_1/new/a_star_mux.v:3]
	Parameter QUEUE bound to: 2'b00 
	Parameter CLIENT_ONE bound to: 2'b01 
	Parameter CLIENT_TWO bound to: 2'b10 
INFO: [Synth 8-6157] synthesizing module 'a_star' [C:/VivadoProjects/ee2026/FDP/FDP.srcs/sources_1/new/a_star.v:5]
	Parameter EMPTY_COST bound to: 1 - type: integer 
	Parameter BLOCK_COST bound to: 3 - type: integer 
	Parameter MAX_COST bound to: 120 - type: integer 
	Parameter MAX_F bound to: 142 - type: integer 
	Parameter CHECK_OPEN bound to: 5'b00000 
	Parameter FIND_BEST_INIT bound to: 5'b00001 
	Parameter FIND_BEST_SCAN bound to: 5'b00010 
	Parameter FIND_BEST_DONE bound to: 5'b00011 
	Parameter POP_OPEN_INIT bound to: 5'b00100 
	Parameter POP_OPEN_SHIFT bound to: 5'b00101 
	Parameter POP_OPEN_DONE bound to: 5'b00110 
	Parameter NB_INIT bound to: 5'b00111 
	Parameter NB_GEN bound to: 5'b01000 
	Parameter NB_CHECK_VALID bound to: 5'b01001 
	Parameter NB_CHECK_GOAL bound to: 5'b01010 
	Parameter NB_NEXT bound to: 5'b01011 
	Parameter NB_CHECK_CLOSED_INIT bound to: 5'b01100 
	Parameter NB_CHECK_CLOSED_SCAN bound to: 5'b01101 
	Parameter NB_CHECK_OPEN_INIT bound to: 5'b01110 
	Parameter NB_CHECK_OPEN_SCAN bound to: 5'b01111 
	Parameter NB_CHECK_OPEN_DONE bound to: 5'b10000 
	Parameter PATH_INIT bound to: 5'b10001 
	Parameter PATH_TRACE bound to: 5'b10010 
	Parameter DONE bound to: 5'b10011 
	Parameter RESET_2D bound to: 5'b10100 
	Parameter RESET_1D bound to: 5'b10101 
	Parameter SET_START bound to: 5'b10110 
	Parameter FIND_BEST_BRAM_WAIT bound to: 5'b10111 
	Parameter PATH_BRAM_WAIT bound to: 5'b11000 
	Parameter NB_BRAM_WAIT bound to: 5'b11001 
INFO: [Synth 8-5534] Detected attribute (* ram_style = "block" *) [C:/VivadoProjects/ee2026/FDP/FDP.srcs/sources_1/new/a_star.v:22]
INFO: [Synth 8-5534] Detected attribute (* ram_style = "block" *) [C:/VivadoProjects/ee2026/FDP/FDP.srcs/sources_1/new/a_star.v:23]
INFO: [Synth 8-5534] Detected attribute (* ram_style = "block" *) [C:/VivadoProjects/ee2026/FDP/FDP.srcs/sources_1/new/a_star.v:24]
INFO: [Synth 8-5534] Detected attribute (* ram_style = "block" *) [C:/VivadoProjects/ee2026/FDP/FDP.srcs/sources_1/new/a_star.v:25]
INFO: [Synth 8-155] case statement is not full and has no default [C:/VivadoProjects/ee2026/FDP/FDP.srcs/sources_1/new/a_star.v:245]
WARNING: [Synth 8-6014] Unused sequential element cost_goal_reg was removed.  [C:/VivadoProjects/ee2026/FDP/FDP.srcs/sources_1/new/a_star.v:360]
INFO: [Synth 8-6155] done synthesizing module 'a_star' (18#1) [C:/VivadoProjects/ee2026/FDP/FDP.srcs/sources_1/new/a_star.v:5]
INFO: [Synth 8-155] case statement is not full and has no default [C:/VivadoProjects/ee2026/FDP/FDP.srcs/sources_1/new/a_star_mux.v:63]
INFO: [Synth 8-6155] done synthesizing module 'a_star_mux' (19#1) [C:/VivadoProjects/ee2026/FDP/FDP.srcs/sources_1/new/a_star_mux.v:3]
INFO: [Synth 8-155] case statement is not full and has no default [C:/VivadoProjects/ee2026/FDP/FDP.srcs/sources_1/new/Top_Student.v:1093]
INFO: [Synth 8-6157] synthesizing module 'powerup_oled' [C:/VivadoProjects/ee2026/FDP/FDP.srcs/sources_1/new/powerup_oled.v:5]
	Parameter ICON_LCX bound to: 6'b010000 
	Parameter DIGIT_LCX bound to: 6'b100100 
	Parameter ROW0_CY bound to: 6'b010100 
	Parameter ROW1_CY bound to: 6'b100011 
	Parameter ROW2_CY bound to: 6'b110011 
INFO: [Synth 8-6155] done synthesizing module 'powerup_oled' (20#1) [C:/VivadoProjects/ee2026/FDP/FDP.srcs/sources_1/new/powerup_oled.v:5]
INFO: [Synth 8-226] default block is never used [C:/VivadoProjects/ee2026/FDP/FDP.srcs/sources_1/new/Top_Student.v:1407]
INFO: [Synth 8-226] default block is never used [C:/VivadoProjects/ee2026/FDP/FDP.srcs/sources_1/new/Top_Student.v:1430]
INFO: [Synth 8-6157] synthesizing module 'seven_segment' [C:/VivadoProjects/ee2026/FDP/FDP.srcs/sources_1/new/seven_segment.v:3]
	Parameter SWITCH_TIME bound to: 500000 - type: integer 
INFO: [Synth 8-6155] done synthesizing module 'seven_segment' (21#1) [C:/VivadoProjects/ee2026/FDP/FDP.srcs/sources_1/new/seven_segment.v:3]
WARNING: [Synth 8-6014] Unused sequential element mouse_middle_prev_reg was removed.  [C:/VivadoProjects/ee2026/FDP/FDP.srcs/sources_1/new/Top_Student.v:148]
WARNING: [Synth 8-6014] Unused sequential element rec_mouse_middle_prev_reg was removed.  [C:/VivadoProjects/ee2026/FDP/FDP.srcs/sources_1/new/Top_Student.v:152]
WARNING: [Synth 8-6014] Unused sequential element stop_u_reg was removed.  [C:/VivadoProjects/ee2026/FDP/FDP.srcs/sources_1/new/Top_Student.v:794]
WARNING: [Synth 8-6014] Unused sequential element stop_d_reg was removed.  [C:/VivadoProjects/ee2026/FDP/FDP.srcs/sources_1/new/Top_Student.v:795]
WARNING: [Synth 8-6014] Unused sequential element stop_l_reg was removed.  [C:/VivadoProjects/ee2026/FDP/FDP.srcs/sources_1/new/Top_Student.v:796]
WARNING: [Synth 8-6014] Unused sequential element stop_r_reg was removed.  [C:/VivadoProjects/ee2026/FDP/FDP.srcs/sources_1/new/Top_Student.v:797]
INFO: [Synth 8-6155] done synthesizing module 'Top_Student' (22#1) [C:/VivadoProjects/ee2026/FDP/FDP.srcs/sources_1/new/Top_Student.v:5]
WARNING: [Synth 8-3331] design p2_controller has unconnected port mouse_middle_pulse
WARNING: [Synth 8-3331] design p1_controller has unconnected port mouse_middle_pulse
WARNING: [Synth 8-3331] design interface_fsm has unconnected port sw[8]
WARNING: [Synth 8-3331] design interface_fsm has unconnected port sw[7]
WARNING: [Synth 8-3331] design interface_fsm has unconnected port sw[6]
WARNING: [Synth 8-3331] design interface_fsm has unconnected port sw[5]
WARNING: [Synth 8-3331] design interface_fsm has unconnected port sw[4]
WARNING: [Synth 8-3331] design interface_fsm has unconnected port sw[3]
WARNING: [Synth 8-3331] design interface_fsm has unconnected port sw[2]
WARNING: [Synth 8-3331] design interface_fsm has unconnected port sw[1]
WARNING: [Synth 8-3331] design interface_fsm has unconnected port sw[0]
WARNING: [Synth 8-3331] design Top_Student has unconnected port JA[2]
WARNING: [Synth 8-3331] design Top_Student has unconnected port JC[2]
WARNING: [Synth 8-3331] design Top_Student has unconnected port sw[15]
WARNING: [Synth 8-3331] design Top_Student has unconnected port sw[14]
WARNING: [Synth 8-3331] design Top_Student has unconnected port sw[13]
WARNING: [Synth 8-3331] design Top_Student has unconnected port sw[12]
WARNING: [Synth 8-3331] design Top_Student has unconnected port sw[11]
WARNING: [Synth 8-3331] design Top_Student has unconnected port sw[10]
WARNING: [Synth 8-3331] design Top_Student has unconnected port sw[9]
---------------------------------------------------------------------------------
Finished RTL Elaboration : Time (s): cpu = 00:00:26 ; elapsed = 00:00:28 . Memory (MB): peak = 1137.438 ; gain = 850.504
---------------------------------------------------------------------------------

Report Check Netlist: 
+------+------------------+-------+---------+-------+------------------+
|      |Item              |Errors |Warnings |Status |Description       |
+------+------------------+-------+---------+-------+------------------+
|1     |multi_driven_nets |      0|        0|Passed |Multi driven nets |
+------+------------------+-------+---------+-------+------------------+
---------------------------------------------------------------------------------
Start Handling Custom Attributes
---------------------------------------------------------------------------------
---------------------------------------------------------------------------------
Finished Handling Custom Attributes : Time (s): cpu = 00:00:32 ; elapsed = 00:00:35 . Memory (MB): peak = 1137.438 ; gain = 850.504
---------------------------------------------------------------------------------
---------------------------------------------------------------------------------
Finished RTL Optimization Phase 1 : Time (s): cpu = 00:00:32 ; elapsed = 00:00:35 . Memory (MB): peak = 1137.438 ; gain = 850.504
---------------------------------------------------------------------------------
INFO: [Device 21-403] Loading part xc7a35tcpg236-1
INFO: [Project 1-570] Preparing netlist for logic optimization

Processing XDC Constraints
Initializing timing engine
Parsing XDC File [C:/VivadoProjects/ee2026/FDP/FDP.srcs/constrs_1/new/Basys3_Master.xdc]
Finished Parsing XDC File [C:/VivadoProjects/ee2026/FDP/FDP.srcs/constrs_1/new/Basys3_Master.xdc]
INFO: [Project 1-236] Implementation specific constraints were found while reading constraint file [C:/VivadoProjects/ee2026/FDP/FDP.srcs/constrs_1/new/Basys3_Master.xdc]. These constraints will be ignored for synthesis but will be used in implementation. Impacted constraints are listed in the file [.Xil/Top_Student_propImpl.xdc].
Resolution: To avoid this warning, move constraints listed in [.Xil/Top_Student_propImpl.xdc] to another XDC file and exclude this new file from synthesis with the used_in_synthesis property (File Properties dialog in GUI) and re-run elaboration/synthesis.
Parsing XDC File [C:/VivadoProjects/ee2026/FDP/FDP.runs/synth_1/dont_touch.xdc]
Finished Parsing XDC File [C:/VivadoProjects/ee2026/FDP/FDP.runs/synth_1/dont_touch.xdc]
Completed Processing XDC Constraints

INFO: [Project 1-111] Unisim Transformation Summary:
No Unisim elements were transformed.

Constraint Validation Runtime : Time (s): cpu = 00:00:00 ; elapsed = 00:00:00.050 . Memory (MB): peak = 1352.191 ; gain = 0.000
---------------------------------------------------------------------------------
Finished Constraint Validation : Time (s): cpu = 00:00:52 ; elapsed = 00:00:58 . Memory (MB): peak = 1352.191 ; gain = 1065.258
---------------------------------------------------------------------------------
INFO: [Synth 8-5580] Multithreading enabled for synth_design using a maximum of 2 processes.
---------------------------------------------------------------------------------
Start Loading Part and Timing Information
---------------------------------------------------------------------------------
Loading part: xc7a35tcpg236-1
---------------------------------------------------------------------------------
Finished Loading Part and Timing Information : Time (s): cpu = 00:00:52 ; elapsed = 00:00:58 . Memory (MB): peak = 1352.191 ; gain = 1065.258
---------------------------------------------------------------------------------
INFO: [Synth 8-5545] ROM "count0" won't be mapped to RAM because address size (32) is larger than maximum supported(25)
INFO: [Synth 8-5545] ROM "clk_out0" won't be mapped to RAM because address size (32) is larger than maximum supported(25)
INFO: [Synth 8-802] inferred FSM for state register 'state_reg' in module 'Ps2Interface'
INFO: [Synth 8-5546] ROM "reset_bit_count" won't be mapped to RAM because it is too sparse
INFO: [Synth 8-5546] ROM "busy" won't be mapped to RAM because it is too sparse
INFO: [Synth 8-5546] ROM "read_data" won't be mapped to RAM because it is too sparse
INFO: [Synth 8-5546] ROM "load_tx_data" won't be mapped to RAM because it is too sparse
INFO: [Synth 8-5546] ROM "ps2_clk_h" won't be mapped to RAM because it is too sparse
INFO: [Synth 8-5546] ROM "delay_100us_counter_enable" won't be mapped to RAM because it is too sparse
INFO: [Synth 8-5546] ROM "delay_20us_counter_enable" won't be mapped to RAM because it is too sparse
INFO: [Synth 8-5546] ROM "delay_63clk_counter_enable" won't be mapped to RAM because it is too sparse
INFO: [Synth 8-5544] ROM "state" won't be mapped to Block RAM because address size (1) smaller than threshold (5)
INFO: [Synth 8-5544] ROM "state" won't be mapped to Block RAM because address size (1) smaller than threshold (5)
INFO: [Synth 8-5544] ROM "state" won't be mapped to Block RAM because address size (1) smaller than threshold (5)
INFO: [Synth 8-5544] ROM "state" won't be mapped to Block RAM because address size (1) smaller than threshold (5)
INFO: [Synth 8-5544] ROM "state" won't be mapped to Block RAM because address size (1) smaller than threshold (5)
INFO: [Synth 8-5544] ROM "state" won't be mapped to Block RAM because address size (1) smaller than threshold (5)
INFO: [Synth 8-5544] ROM "state" won't be mapped to Block RAM because address size (1) smaller than threshold (5)
INFO: [Synth 8-5544] ROM "state" won't be mapped to Block RAM because address size (1) smaller than threshold (5)
INFO: [Synth 8-5544] ROM "state" won't be mapped to Block RAM because address size (1) smaller than threshold (5)
INFO: [Synth 8-5544] ROM "state" won't be mapped to Block RAM because address size (1) smaller than threshold (5)
INFO: [Synth 8-5544] ROM "state" won't be mapped to Block RAM because address size (1) smaller than threshold (5)
INFO: [Synth 8-5544] ROM "state" won't be mapped to Block RAM because address size (1) smaller than threshold (5)
INFO: [Synth 8-5544] ROM "state" won't be mapped to Block RAM because address size (1) smaller than threshold (5)
INFO: [Synth 8-802] inferred FSM for state register 'state_reg' in module 'MouseCtl'
INFO: [Synth 8-5546] ROM "periodic_check_tick" won't be mapped to RAM because it is too sparse
INFO: [Synth 8-5546] ROM "timeout" won't be mapped to RAM because it is too sparse
INFO: [Synth 8-5546] ROM "reset_periodic_check_cnt" won't be mapped to RAM because it is too sparse
INFO: [Synth 8-5546] ROM "new_event" won't be mapped to RAM because it is too sparse
INFO: [Synth 8-5544] ROM "state" won't be mapped to Block RAM because address size (1) smaller than threshold (5)
INFO: [Synth 8-5544] ROM "state" won't be mapped to Block RAM because address size (1) smaller than threshold (5)
INFO: [Synth 8-5544] ROM "state" won't be mapped to Block RAM because address size (1) smaller than threshold (5)
INFO: [Synth 8-5544] ROM "state" won't be mapped to Block RAM because address size (1) smaller than threshold (5)
INFO: [Synth 8-5544] ROM "state" won't be mapped to Block RAM because address size (1) smaller than threshold (5)
INFO: [Synth 8-5544] ROM "state" won't be mapped to Block RAM because address size (1) smaller than threshold (5)
INFO: [Synth 8-5544] ROM "state" won't be mapped to Block RAM because address size (1) smaller than threshold (5)
INFO: [Synth 8-5544] ROM "state" won't be mapped to Block RAM because address size (1) smaller than threshold (5)
INFO: [Synth 8-5544] ROM "state" won't be mapped to Block RAM because address size (1) smaller than threshold (5)
INFO: [Synth 8-5544] ROM "state" won't be mapped to Block RAM because address size (1) smaller than threshold (5)
INFO: [Synth 8-5544] ROM "state" won't be mapped to Block RAM because address size (1) smaller than threshold (5)
INFO: [Synth 8-5544] ROM "state" won't be mapped to Block RAM because address size (1) smaller than threshold (5)
INFO: [Synth 8-5544] ROM "state" won't be mapped to Block RAM because address size (1) smaller than threshold (5)
INFO: [Synth 8-5544] ROM "state" won't be mapped to Block RAM because address size (1) smaller than threshold (5)
INFO: [Synth 8-5544] ROM "state" won't be mapped to Block RAM because address size (1) smaller than threshold (5)
INFO: [Synth 8-5544] ROM "state" won't be mapped to Block RAM because address size (1) smaller than threshold (5)
INFO: [Synth 8-5544] ROM "state" won't be mapped to Block RAM because address size (1) smaller than threshold (5)
INFO: [Synth 8-5544] ROM "state" won't be mapped to Block RAM because address size (1) smaller than threshold (5)
INFO: [Synth 8-5544] ROM "state" won't be mapped to Block RAM because address size (1) smaller than threshold (5)
INFO: [Synth 8-5544] ROM "state" won't be mapped to Block RAM because address size (1) smaller than threshold (5)
INFO: [Synth 8-5544] ROM "state" won't be mapped to Block RAM because address size (1) smaller than threshold (5)
INFO: [Synth 8-5544] ROM "state" won't be mapped to Block RAM because address size (1) smaller than threshold (5)
INFO: [Synth 8-5544] ROM "state" won't be mapped to Block RAM because address size (1) smaller than threshold (5)
INFO: [Synth 8-5544] ROM "state" won't be mapped to Block RAM because address size (1) smaller than threshold (5)
INFO: [Synth 8-5544] ROM "state" won't be mapped to Block RAM because address size (1) smaller than threshold (5)
INFO: [Synth 8-5544] ROM "state" won't be mapped to Block RAM because address size (1) smaller than threshold (5)
INFO: [Synth 8-5544] ROM "state" won't be mapped to Block RAM because address size (1) smaller than threshold (5)
INFO: [Synth 8-5544] ROM "state" won't be mapped to Block RAM because address size (1) smaller than threshold (5)
INFO: [Synth 8-5544] ROM "state" won't be mapped to Block RAM because address size (1) smaller than threshold (5)
INFO: [Synth 8-5544] ROM "state" won't be mapped to Block RAM because address size (1) smaller than threshold (5)
INFO: [Synth 8-5544] ROM "state" won't be mapped to Block RAM because address size (1) smaller than threshold (5)
INFO: [Synth 8-5544] ROM "state" won't be mapped to Block RAM because address size (1) smaller than threshold (5)
INFO: [Synth 8-5544] ROM "state" won't be mapped to Block RAM because address size (1) smaller than threshold (5)
INFO: [Synth 8-5544] ROM "state" won't be mapped to Block RAM because address size (1) smaller than threshold (5)
INFO: [Synth 8-5544] ROM "state" won't be mapped to Block RAM because address size (1) smaller than threshold (5)
INFO: [Synth 8-5544] ROM "state" won't be mapped to Block RAM because address size (1) smaller than threshold (5)
INFO: [Synth 8-5544] ROM "state" won't be mapped to Block RAM because address size (1) smaller than threshold (5)
INFO: [Synth 8-5544] ROM "state" won't be mapped to Block RAM because address size (1) smaller than threshold (5)
INFO: [Synth 8-5544] ROM "state" won't be mapped to Block RAM because address size (1) smaller than threshold (5)
INFO: [Synth 8-5546] ROM "next_state0" won't be mapped to RAM because it is too sparse
INFO: [Synth 8-5546] ROM "tx" won't be mapped to RAM because it is too sparse
INFO: [Synth 8-802] inferred FSM for state register 'state_reg' in module 'uart_rx'
INFO: [Synth 8-5546] ROM "busy" won't be mapped to RAM because it is too sparse
INFO: [Synth 8-5546] ROM "bit_index" won't be mapped to RAM because it is too sparse
INFO: [Synth 8-5544] ROM "valid" won't be mapped to Block RAM because address size (2) smaller than threshold (5)
INFO: [Synth 8-5544] ROM "counter" won't be mapped to Block RAM because address size (2) smaller than threshold (5)
INFO: [Synth 8-5544] ROM "next_state0" won't be mapped to Block RAM because address size (1) smaller than threshold (5)
INFO: [Synth 8-5546] ROM "next_state0" won't be mapped to RAM because it is too sparse
INFO: [Synth 8-802] inferred FSM for state register 'state_reg' in module 'pairing_fsm'
INFO: [Synth 8-5544] ROM "hb_tx_counter" won't be mapped to Block RAM because address size (3) smaller than threshold (5)
INFO: [Synth 8-5544] ROM "player" won't be mapped to Block RAM because address size (3) smaller than threshold (5)
INFO: [Synth 8-5544] ROM "next_state" won't be mapped to Block RAM because address size (1) smaller than threshold (5)
INFO: [Synth 8-5544] ROM "next_state" won't be mapped to Block RAM because address size (1) smaller than threshold (5)
INFO: [Synth 8-4471] merging register 'prev_data_reg[15:0]' into 'data_tx_game_reg[15:0]' [C:/VivadoProjects/ee2026/FDP/FDP.srcs/sources_1/new/board_communication.v:21]
WARNING: [Synth 8-6014] Unused sequential element prev_data_reg was removed.  [C:/VivadoProjects/ee2026/FDP/FDP.srcs/sources_1/new/board_communication.v:21]
INFO: [Synth 8-5545] ROM "count0" won't be mapped to RAM because address size (32) is larger than maximum supported(25)
INFO: [Synth 8-5545] ROM "clk_out0" won't be mapped to RAM because address size (32) is larger than maximum supported(25)
INFO: [Synth 8-802] inferred FSM for state register 'state_reg' in module 'Oled_Display'
INFO: [Synth 8-5546] ROM "fsm_next_state0" won't be mapped to RAM because it is too sparse
INFO: [Synth 8-5544] ROM "fsm_next_state0" won't be mapped to Block RAM because address size (1) smaller than threshold (5)
INFO: [Synth 8-5546] ROM "fsm_next_state0" won't be mapped to RAM because it is too sparse
INFO: [Synth 8-802] inferred FSM for state register 'state_reg' in module 'interface_fsm'
INFO: [Synth 8-5544] ROM "send_pair_req" won't be mapped to Block RAM because address size (3) smaller than threshold (5)
INFO: [Synth 8-5545] ROM "next_state" won't be mapped to RAM because address size (28) is larger than maximum supported(25)
INFO: [Synth 8-5544] ROM "next_wait_pair_cursor0" won't be mapped to Block RAM because address size (3) smaller than threshold (5)
INFO: [Synth 8-5544] ROM "next_wait_pair_cursor0" won't be mapped to Block RAM because address size (3) smaller than threshold (5)
INFO: [Synth 8-5544] ROM "game_over_single" won't be mapped to Block RAM because address size (3) smaller than threshold (5)
INFO: [Synth 8-5544] ROM "oled_data0" won't be mapped to Block RAM because address size (2) smaller than threshold (5)
INFO: [Synth 8-5544] ROM "oled_data0" won't be mapped to Block RAM because address size (2) smaller than threshold (5)
INFO: [Synth 8-5544] ROM "oled_data0" won't be mapped to Block RAM because address size (2) smaller than threshold (5)
INFO: [Synth 8-5544] ROM "oled_data0" won't be mapped to Block RAM because address size (2) smaller than threshold (5)
INFO: [Synth 8-5544] ROM "oled_data0" won't be mapped to Block RAM because address size (2) smaller than threshold (5)
INFO: [Synth 8-5544] ROM "oled_data0" won't be mapped to Block RAM because address size (2) smaller than threshold (5)
INFO: [Synth 8-5544] ROM "oled_data0" won't be mapped to Block RAM because address size (2) smaller than threshold (5)
INFO: [Synth 8-5545] ROM "oled_data" won't be mapped to RAM because address size (32) is larger than maximum supported(25)
INFO: [Synth 8-5544] ROM "single_game_saved" won't be mapped to Block RAM because address size (3) smaller than threshold (5)
INFO: [Synth 8-5544] ROM "game_active" won't be mapped to Block RAM because address size (3) smaller than threshold (5)
INFO: [Synth 8-5544] ROM "next_state" won't be mapped to Block RAM because address size (1) smaller than threshold (5)
INFO: [Synth 8-5544] ROM "next_state" won't be mapped to Block RAM because address size (2) smaller than threshold (5)
INFO: [Synth 8-5544] ROM "next_state" won't be mapped to Block RAM because address size (2) smaller than threshold (5)
INFO: [Synth 8-5544] ROM "next_state" won't be mapped to Block RAM because address size (1) smaller than threshold (5)
INFO: [Synth 8-5544] ROM "next_state0" won't be mapped to Block RAM because address size (1) smaller than threshold (5)
INFO: [Synth 8-5544] ROM "next_state" won't be mapped to Block RAM because address size (1) smaller than threshold (5)
INFO: [Synth 8-5544] ROM "next_state" won't be mapped to Block RAM because address size (2) smaller than threshold (5)
INFO: [Synth 8-5544] ROM "send_pair_req" won't be mapped to Block RAM because address size (3) smaller than threshold (5)
INFO: [Synth 8-5545] ROM "next_state" won't be mapped to RAM because address size (28) is larger than maximum supported(25)
INFO: [Synth 8-5544] ROM "next_wait_pair_cursor0" won't be mapped to Block RAM because address size (3) smaller than threshold (5)
INFO: [Synth 8-5544] ROM "next_wait_pair_cursor0" won't be mapped to Block RAM because address size (3) smaller than threshold (5)
INFO: [Synth 8-5544] ROM "game_over_single" won't be mapped to Block RAM because address size (3) smaller than threshold (5)
INFO: [Synth 8-5544] ROM "oled_data0" won't be mapped to Block RAM because address size (2) smaller than threshold (5)
INFO: [Synth 8-5544] ROM "oled_data0" won't be mapped to Block RAM because address size (2) smaller than threshold (5)
INFO: [Synth 8-5544] ROM "oled_data0" won't be mapped to Block RAM because address size (2) smaller than threshold (5)
INFO: [Synth 8-5544] ROM "oled_data0" won't be mapped to Block RAM because address size (2) smaller than threshold (5)
INFO: [Synth 8-5544] ROM "oled_data0" won't be mapped to Block RAM because address size (2) smaller than threshold (5)
INFO: [Synth 8-5544] ROM "oled_data0" won't be mapped to Block RAM because address size (2) smaller than threshold (5)
INFO: [Synth 8-5544] ROM "oled_data0" won't be mapped to Block RAM because address size (2) smaller than threshold (5)
INFO: [Synth 8-5545] ROM "oled_data" won't be mapped to RAM because address size (32) is larger than maximum supported(25)
INFO: [Synth 8-5544] ROM "single_game_saved" won't be mapped to Block RAM because address size (3) smaller than threshold (5)
INFO: [Synth 8-5544] ROM "game_active" won't be mapped to Block RAM because address size (3) smaller than threshold (5)
INFO: [Synth 8-5544] ROM "next_state" won't be mapped to Block RAM because address size (1) smaller than threshold (5)
INFO: [Synth 8-5544] ROM "next_state" won't be mapped to Block RAM because address size (2) smaller than threshold (5)
INFO: [Synth 8-5544] ROM "next_state" won't be mapped to Block RAM because address size (2) smaller than threshold (5)
INFO: [Synth 8-5544] ROM "next_state" won't be mapped to Block RAM because address size (1) smaller than threshold (5)
INFO: [Synth 8-5544] ROM "next_state0" won't be mapped to Block RAM because address size (1) smaller than threshold (5)
INFO: [Synth 8-5544] ROM "next_state" won't be mapped to Block RAM because address size (1) smaller than threshold (5)
INFO: [Synth 8-5544] ROM "next_state" won't be mapped to Block RAM because address size (2) smaller than threshold (5)
INFO: [Common 17-14] Message 'Synth 8-5544' appears 100 times and further instances of the messages will be disabled. Use the Tcl command set_msg_config to change the current settings.
INFO: [Synth 8-5545] ROM "state" won't be mapped to RAM because address size (27) is larger than maximum supported(25)
INFO: [Synth 8-5545] ROM "state" won't be mapped to RAM because address size (27) is larger than maximum supported(25)
INFO: [Synth 8-5546] ROM "stage_r" won't be mapped to RAM because it is too sparse
INFO: [Synth 8-5546] ROM "stage_r" won't be mapped to RAM because it is too sparse
INFO: [Synth 8-802] inferred FSM for state register 'state_reg' in module 'stun_controller'
INFO: [Synth 8-5545] ROM "state" won't be mapped to RAM because address size (27) is larger than maximum supported(25)
INFO: [Synth 8-5545] ROM "state" won't be mapped to RAM because address size (27) is larger than maximum supported(25)
INFO: [Synth 8-5545] ROM "stun_active" won't be mapped to RAM because address size (27) is larger than maximum supported(25)
INFO: [Synth 8-5818] HDL ADVISOR - The operator resource <adder> is shared. To prevent sharing consider applying a KEEP on the output of the operator [C:/VivadoProjects/ee2026/FDP/FDP.srcs/sources_1/new/p2_controller.v:332]
INFO: [Synth 8-5818] HDL ADVISOR - The operator resource <adder> is shared. To prevent sharing consider applying a KEEP on the output of the operator [C:/VivadoProjects/ee2026/FDP/FDP.srcs/sources_1/new/p2_controller.v:332]
INFO: [Synth 8-5818] HDL ADVISOR - The operator resource <adder> is shared. To prevent sharing consider applying a KEEP on the output of the operator [C:/VivadoProjects/ee2026/FDP/FDP.srcs/sources_1/new/p2_controller.v:332]
INFO: [Synth 8-5818] HDL ADVISOR - The operator resource <adder> is shared. To prevent sharing consider applying a KEEP on the output of the operator [C:/VivadoProjects/ee2026/FDP/FDP.srcs/sources_1/new/p2_controller.v:332]
INFO: [Synth 8-5818] HDL ADVISOR - The operator resource <adder> is shared. To prevent sharing consider applying a KEEP on the output of the operator [C:/VivadoProjects/ee2026/FDP/FDP.srcs/sources_1/new/p2_controller.v:332]
INFO: [Synth 8-5818] HDL ADVISOR - The operator resource <adder> is shared. To prevent sharing consider applying a KEEP on the output of the operator [C:/VivadoProjects/ee2026/FDP/FDP.srcs/sources_1/new/p2_controller.v:332]
INFO: [Synth 8-5818] HDL ADVISOR - The operator resource <adder> is shared. To prevent sharing consider applying a KEEP on the output of the operator [C:/VivadoProjects/ee2026/FDP/FDP.srcs/sources_1/new/p2_controller.v:332]
INFO: [Synth 8-5818] HDL ADVISOR - The operator resource <adder> is shared. To prevent sharing consider applying a KEEP on the output of the operator [C:/VivadoProjects/ee2026/FDP/FDP.srcs/sources_1/new/p2_controller.v:332]
INFO: [Synth 8-5818] HDL ADVISOR - The operator resource <adder> is shared. To prevent sharing consider applying a KEEP on the output of the operator [C:/VivadoProjects/ee2026/FDP/FDP.srcs/sources_1/new/p2_controller.v:332]
INFO: [Synth 8-5818] HDL ADVISOR - The operator resource <adder> is shared. To prevent sharing consider applying a KEEP on the output of the operator [C:/VivadoProjects/ee2026/FDP/FDP.srcs/sources_1/new/p2_controller.v:332]
INFO: [Synth 8-5818] HDL ADVISOR - The operator resource <adder> is shared. To prevent sharing consider applying a KEEP on the output of the operator [C:/VivadoProjects/ee2026/FDP/FDP.srcs/sources_1/new/p2_controller.v:332]
INFO: [Synth 8-5818] HDL ADVISOR - The operator resource <adder> is shared. To prevent sharing consider applying a KEEP on the output of the operator [C:/VivadoProjects/ee2026/FDP/FDP.srcs/sources_1/new/p2_controller.v:332]
INFO: [Synth 8-5818] HDL ADVISOR - The operator resource <adder> is shared. To prevent sharing consider applying a KEEP on the output of the operator [C:/VivadoProjects/ee2026/FDP/FDP.srcs/sources_1/new/p2_controller.v:332]
INFO: [Synth 8-5818] HDL ADVISOR - The operator resource <adder> is shared. To prevent sharing consider applying a KEEP on the output of the operator [C:/VivadoProjects/ee2026/FDP/FDP.srcs/sources_1/new/p2_controller.v:332]
INFO: [Synth 8-5546] ROM "bot_state0" won't be mapped to RAM because it is too sparse
INFO: [Synth 8-5818] HDL ADVISOR - The operator resource <adder> is shared. To prevent sharing consider applying a KEEP on the output of the operator [C:/VivadoProjects/ee2026/FDP/FDP.srcs/sources_1/new/a_star.v:245]
INFO: [Synth 8-5818] HDL ADVISOR - The operator resource <adder> is shared. To prevent sharing consider applying a KEEP on the output of the operator [C:/VivadoProjects/ee2026/FDP/FDP.srcs/sources_1/new/a_star.v:325]
INFO: [Synth 8-5818] HDL ADVISOR - The operator resource <adder> is shared. To prevent sharing consider applying a KEEP on the output of the operator [C:/VivadoProjects/ee2026/FDP/FDP.srcs/sources_1/new/a_star.v:443]
INFO: [Synth 8-5818] HDL ADVISOR - The operator resource <adder> is shared. To prevent sharing consider applying a KEEP on the output of the operator [C:/VivadoProjects/ee2026/FDP/FDP.srcs/sources_1/new/a_star.v:443]
INFO: [Synth 8-5818] HDL ADVISOR - The operator resource <adder> is shared. To prevent sharing consider applying a KEEP on the output of the operator [C:/VivadoProjects/ee2026/FDP/FDP.srcs/sources_1/new/a_star.v:325]
INFO: [Synth 8-5546] ROM "tile_map_reg[0][0]" won't be mapped to RAM because it is too sparse
INFO: [Synth 8-5546] ROM "tile_map_reg[0][1]" won't be mapped to RAM because it is too sparse
INFO: [Synth 8-5546] ROM "tile_map_reg[0][2]" won't be mapped to RAM because it is too sparse
INFO: [Synth 8-5546] ROM "tile_map_reg[0][3]" won't be mapped to RAM because it is too sparse
INFO: [Synth 8-5546] ROM "tile_map_reg[0][4]" won't be mapped to RAM because it is too sparse
INFO: [Synth 8-5546] ROM "tile_map_reg[0][5]" won't be mapped to RAM because it is too sparse
INFO: [Synth 8-5546] ROM "tile_map_reg[0][6]" won't be mapped to RAM because it is too sparse
INFO: [Synth 8-5546] ROM "tile_map_reg[0][7]" won't be mapped to RAM because it is too sparse
INFO: [Synth 8-5546] ROM "tile_map_reg[0][8]" won't be mapped to RAM because it is too sparse
INFO: [Synth 8-5546] ROM "open_x_reg[0]" won't be mapped to RAM because it is too sparse
INFO: [Synth 8-5546] ROM "open_x_reg[0]" won't be mapped to RAM because it is too sparse
INFO: [Synth 8-5545] ROM "open_x_reg[0]" won't be mapped to RAM because address size (32) is larger than maximum supported(25)
INFO: [Synth 8-5546] ROM "open_x_reg[0]" won't be mapped to RAM because it is too sparse
INFO: [Synth 8-5546] ROM "open_x_reg[1]" won't be mapped to RAM because it is too sparse
INFO: [Synth 8-5546] ROM "open_x_reg[1]" won't be mapped to RAM because it is too sparse
INFO: [Synth 8-5545] ROM "open_x_reg[1]" won't be mapped to RAM because address size (32) is larger than maximum supported(25)
INFO: [Synth 8-5546] ROM "open_x_reg[1]" won't be mapped to RAM because it is too sparse
INFO: [Synth 8-5546] ROM "open_x_reg[2]" won't be mapped to RAM because it is too sparse
INFO: [Synth 8-5546] ROM "open_x_reg[2]" won't be mapped to RAM because it is too sparse
INFO: [Synth 8-5545] ROM "open_x_reg[2]" won't be mapped to RAM because address size (32) is larger than maximum supported(25)
INFO: [Synth 8-5546] ROM "open_x_reg[2]" won't be mapped to RAM because it is too sparse
INFO: [Synth 8-5546] ROM "open_x_reg[3]" won't be mapped to RAM because it is too sparse
INFO: [Synth 8-5546] ROM "open_x_reg[3]" won't be mapped to RAM because it is too sparse
INFO: [Synth 8-5545] ROM "open_x_reg[3]" won't be mapped to RAM because address size (32) is larger than maximum supported(25)
INFO: [Synth 8-5546] ROM "open_x_reg[3]" won't be mapped to RAM because it is too sparse
INFO: [Synth 8-5546] ROM "open_x_reg[4]" won't be mapped to RAM because it is too sparse
INFO: [Synth 8-5546] ROM "open_x_reg[4]" won't be mapped to RAM because it is too sparse
INFO: [Synth 8-5545] ROM "open_x_reg[4]" won't be mapped to RAM because address size (32) is larger than maximum supported(25)
INFO: [Synth 8-5546] ROM "open_x_reg[4]" won't be mapped to RAM because it is too sparse
INFO: [Synth 8-5546] ROM "open_x_reg[5]" won't be mapped to RAM because it is too sparse
INFO: [Synth 8-5546] ROM "open_x_reg[5]" won't be mapped to RAM because it is too sparse
INFO: [Synth 8-5545] ROM "open_x_reg[5]" won't be mapped to RAM because address size (32) is larger than maximum supported(25)
INFO: [Synth 8-5546] ROM "open_x_reg[5]" won't be mapped to RAM because it is too sparse
INFO: [Synth 8-5546] ROM "open_x_reg[6]" won't be mapped to RAM because it is too sparse
INFO: [Synth 8-5546] ROM "open_x_reg[6]" won't be mapped to RAM because it is too sparse
INFO: [Synth 8-5545] ROM "open_x_reg[6]" won't be mapped to RAM because address size (32) is larger than maximum supported(25)
INFO: [Synth 8-5546] ROM "open_x_reg[6]" won't be mapped to RAM because it is too sparse
INFO: [Synth 8-5546] ROM "open_x_reg[7]" won't be mapped to RAM because it is too sparse
INFO: [Synth 8-5546] ROM "open_x_reg[7]" won't be mapped to RAM because it is too sparse
INFO: [Synth 8-5545] ROM "open_x_reg[7]" won't be mapped to RAM because address size (32) is larger than maximum supported(25)
INFO: [Synth 8-5546] ROM "open_x_reg[7]" won't be mapped to RAM because it is too sparse
INFO: [Synth 8-5546] ROM "open_x_reg[8]" won't be mapped to RAM because it is too sparse
INFO: [Synth 8-5546] ROM "open_x_reg[8]" won't be mapped to RAM because it is too sparse
INFO: [Synth 8-5545] ROM "open_x_reg[8]" won't be mapped to RAM because address size (32) is larger than maximum supported(25)
INFO: [Synth 8-5546] ROM "open_x_reg[8]" won't be mapped to RAM because it is too sparse
INFO: [Synth 8-5546] ROM "open_x_reg[9]" won't be mapped to RAM because it is too sparse
INFO: [Synth 8-5546] ROM "open_x_reg[9]" won't be mapped to RAM because it is too sparse
INFO: [Synth 8-5545] ROM "open_x_reg[9]" won't be mapped to RAM because address size (32) is larger than maximum supported(25)
INFO: [Synth 8-5546] ROM "open_x_reg[9]" won't be mapped to RAM because it is too sparse
INFO: [Synth 8-5546] ROM "open_x_reg[10]" won't be mapped to RAM because it is too sparse
INFO: [Synth 8-5546] ROM "open_x_reg[10]" won't be mapped to RAM because it is too sparse
INFO: [Synth 8-5545] ROM "open_x_reg[10]" won't be mapped to RAM because address size (32) is larger than maximum supported(25)
INFO: [Synth 8-5546] ROM "open_x_reg[10]" won't be mapped to RAM because it is too sparse
INFO: [Synth 8-5546] ROM "open_x_reg[11]" won't be mapped to RAM because it is too sparse
INFO: [Synth 8-5546] ROM "open_x_reg[11]" won't be mapped to RAM because it is too sparse
INFO: [Synth 8-5545] ROM "open_x_reg[11]" won't be mapped to RAM because address size (32) is larger than maximum supported(25)
INFO: [Synth 8-5546] ROM "open_x_reg[11]" won't be mapped to RAM because it is too sparse
INFO: [Synth 8-5546] ROM "open_x_reg[12]" won't be mapped to RAM because it is too sparse
INFO: [Synth 8-5546] ROM "open_x_reg[12]" won't be mapped to RAM because it is too sparse
INFO: [Synth 8-5545] ROM "open_x_reg[12]" won't be mapped to RAM because address size (32) is larger than maximum supported(25)
INFO: [Synth 8-5546] ROM "open_x_reg[12]" won't be mapped to RAM because it is too sparse
INFO: [Synth 8-5546] ROM "open_x_reg[13]" won't be mapped to RAM because it is too sparse
INFO: [Synth 8-5546] ROM "open_x_reg[13]" won't be mapped to RAM because it is too sparse
INFO: [Synth 8-5545] ROM "open_x_reg[13]" won't be mapped to RAM because address size (32) is larger than maximum supported(25)
INFO: [Synth 8-5546] ROM "open_x_reg[13]" won't be mapped to RAM because it is too sparse
INFO: [Synth 8-5546] ROM "open_x_reg[14]" won't be mapped to RAM because it is too sparse
INFO: [Synth 8-5546] ROM "open_x_reg[14]" won't be mapped to RAM because it is too sparse
INFO: [Synth 8-5545] ROM "open_x_reg[14]" won't be mapped to RAM because address size (32) is larger than maximum supported(25)
INFO: [Synth 8-5546] ROM "open_x_reg[14]" won't be mapped to RAM because it is too sparse
INFO: [Synth 8-5546] ROM "open_x_reg[15]" won't be mapped to RAM because it is too sparse
INFO: [Synth 8-5546] ROM "open_x_reg[15]" won't be mapped to RAM because it is too sparse
INFO: [Synth 8-5545] ROM "open_x_reg[15]" won't be mapped to RAM because address size (32) is larger than maximum supported(25)
INFO: [Synth 8-5546] ROM "open_x_reg[15]" won't be mapped to RAM because it is too sparse
INFO: [Synth 8-5546] ROM "open_x_reg[16]" won't be mapped to RAM because it is too sparse
INFO: [Synth 8-5546] ROM "open_x_reg[16]" won't be mapped to RAM because it is too sparse
INFO: [Synth 8-5545] ROM "open_x_reg[16]" won't be mapped to RAM because address size (32) is larger than maximum supported(25)
INFO: [Synth 8-5546] ROM "open_x_reg[16]" won't be mapped to RAM because it is too sparse
INFO: [Synth 8-5546] ROM "open_x_reg[17]" won't be mapped to RAM because it is too sparse
INFO: [Synth 8-5546] ROM "open_x_reg[17]" won't be mapped to RAM because it is too sparse
INFO: [Synth 8-5545] ROM "open_x_reg[17]" won't be mapped to RAM because address size (32) is larger than maximum supported(25)
INFO: [Synth 8-5546] ROM "open_x_reg[17]" won't be mapped to RAM because it is too sparse
INFO: [Synth 8-5546] ROM "open_x_reg[18]" won't be mapped to RAM because it is too sparse
INFO: [Synth 8-5546] ROM "open_x_reg[18]" won't be mapped to RAM because it is too sparse
INFO: [Synth 8-5545] ROM "open_x_reg[18]" won't be mapped to RAM because address size (32) is larger than maximum supported(25)
INFO: [Synth 8-5546] ROM "open_x_reg[18]" won't be mapped to RAM because it is too sparse
INFO: [Synth 8-5546] ROM "open_x_reg[19]" won't be mapped to RAM because it is too sparse
INFO: [Synth 8-5546] ROM "open_x_reg[19]" won't be mapped to RAM because it is too sparse
INFO: [Synth 8-5545] ROM "open_x_reg[19]" won't be mapped to RAM because address size (32) is larger than maximum supported(25)
INFO: [Synth 8-5546] ROM "open_x_reg[19]" won't be mapped to RAM because it is too sparse
INFO: [Synth 8-5546] ROM "open_x_reg[20]" won't be mapped to RAM because it is too sparse
INFO: [Synth 8-5546] ROM "open_x_reg[20]" won't be mapped to RAM because it is too sparse
INFO: [Synth 8-5545] ROM "open_x_reg[20]" won't be mapped to RAM because address size (32) is larger than maximum supported(25)
INFO: [Synth 8-5546] ROM "open_x_reg[20]" won't be mapped to RAM because it is too sparse
INFO: [Synth 8-5546] ROM "open_x_reg[21]" won't be mapped to RAM because it is too sparse
INFO: [Synth 8-5546] ROM "open_x_reg[21]" won't be mapped to RAM because it is too sparse
INFO: [Synth 8-5545] ROM "open_x_reg[21]" won't be mapped to RAM because address size (32) is larger than maximum supported(25)
INFO: [Synth 8-5546] ROM "open_x_reg[21]" won't be mapped to RAM because it is too sparse
INFO: [Synth 8-5546] ROM "open_x_reg[22]" won't be mapped to RAM because it is too sparse
INFO: [Synth 8-5546] ROM "open_x_reg[22]" won't be mapped to RAM because it is too sparse
INFO: [Synth 8-5545] ROM "open_x_reg[22]" won't be mapped to RAM because address size (32) is larger than maximum supported(25)
INFO: [Synth 8-5546] ROM "open_x_reg[22]" won't be mapped to RAM because it is too sparse
INFO: [Common 17-14] Message 'Synth 8-5546' appears 100 times and further instances of the messages will be disabled. Use the Tcl command set_msg_config to change the current settings.
INFO: [Synth 8-5545] ROM "open_x_reg[23]" won't be mapped to RAM because address size (32) is larger than maximum supported(25)
INFO: [Synth 8-5545] ROM "open_x_reg[24]" won't be mapped to RAM because address size (32) is larger than maximum supported(25)
INFO: [Synth 8-5545] ROM "open_x_reg[25]" won't be mapped to RAM because address size (32) is larger than maximum supported(25)
INFO: [Synth 8-5545] ROM "open_x_reg[26]" won't be mapped to RAM because address size (32) is larger than maximum supported(25)
INFO: [Synth 8-5545] ROM "open_x_reg[27]" won't be mapped to RAM because address size (32) is larger than maximum supported(25)
INFO: [Synth 8-5545] ROM "open_x_reg[28]" won't be mapped to RAM because address size (32) is larger than maximum supported(25)
INFO: [Synth 8-5545] ROM "open_x_reg[29]" won't be mapped to RAM because address size (32) is larger than maximum supported(25)
INFO: [Synth 8-5545] ROM "open_x_reg[30]" won't be mapped to RAM because address size (32) is larger than maximum supported(25)
INFO: [Synth 8-5545] ROM "open_x_reg[31]" won't be mapped to RAM because address size (32) is larger than maximum supported(25)
INFO: [Synth 8-5545] ROM "open_x_reg[32]" won't be mapped to RAM because address size (32) is larger than maximum supported(25)
INFO: [Synth 8-5545] ROM "open_x_reg[33]" won't be mapped to RAM because address size (32) is larger than maximum supported(25)
INFO: [Synth 8-5545] ROM "open_x_reg[34]" won't be mapped to RAM because address size (32) is larger than maximum supported(25)
INFO: [Synth 8-5545] ROM "open_x_reg[35]" won't be mapped to RAM because address size (32) is larger than maximum supported(25)
INFO: [Synth 8-5545] ROM "open_x_reg[36]" won't be mapped to RAM because address size (32) is larger than maximum supported(25)
INFO: [Synth 8-5545] ROM "open_x_reg[37]" won't be mapped to RAM because address size (32) is larger than maximum supported(25)
INFO: [Synth 8-5545] ROM "open_x_reg[38]" won't be mapped to RAM because address size (32) is larger than maximum supported(25)
INFO: [Synth 8-5545] ROM "open_x_reg[39]" won't be mapped to RAM because address size (32) is larger than maximum supported(25)
INFO: [Synth 8-802] inferred FSM for state register 'state_reg' in module 'a_star_mux'
INFO: [Synth 8-5545] ROM "tile_map_reg[0][0]" won't be mapped to RAM because address size (32) is larger than maximum supported(25)
INFO: [Synth 8-5545] ROM "tile_map_reg[0][0]" won't be mapped to RAM because address size (32) is larger than maximum supported(25)
INFO: [Synth 8-5545] ROM "tile_map_reg[0][0]" won't be mapped to RAM because address size (32) is larger than maximum supported(25)
INFO: [Synth 8-5545] ROM "tile_map_reg[0][0]" won't be mapped to RAM because address size (32) is larger than maximum supported(25)
INFO: [Synth 8-5545] ROM "tile_map_reg[0][0]" won't be mapped to RAM because address size (32) is larger than maximum supported(25)
INFO: [Synth 8-5545] ROM "tile_map_reg[0][1]" won't be mapped to RAM because address size (32) is larger than maximum supported(25)
INFO: [Synth 8-5545] ROM "tile_map_reg[0][1]" won't be mapped to RAM because address size (32) is larger than maximum supported(25)
INFO: [Synth 8-5545] ROM "tile_map_reg[0][1]" won't be mapped to RAM because address size (32) is larger than maximum supported(25)
INFO: [Synth 8-5545] ROM "tile_map_reg[0][1]" won't be mapped to RAM because address size (32) is larger than maximum supported(25)
INFO: [Synth 8-5545] ROM "tile_map_reg[0][1]" won't be mapped to RAM because address size (32) is larger than maximum supported(25)
INFO: [Synth 8-5545] ROM "tile_map_reg[0][1]" won't be mapped to RAM because address size (32) is larger than maximum supported(25)
INFO: [Synth 8-5545] ROM "tile_map_reg[0][1]" won't be mapped to RAM because address size (32) is larger than maximum supported(25)
INFO: [Synth 8-5545] ROM "tile_map_reg[0][2]" won't be mapped to RAM because address size (32) is larger than maximum supported(25)
INFO: [Synth 8-5545] ROM "tile_map_reg[0][2]" won't be mapped to RAM because address size (32) is larger than maximum supported(25)
INFO: [Synth 8-5545] ROM "tile_map_reg[0][2]" won't be mapped to RAM because address size (32) is larger than maximum supported(25)
INFO: [Synth 8-5545] ROM "tile_map_reg[0][2]" won't be mapped to RAM because address size (32) is larger than maximum supported(25)
INFO: [Synth 8-5545] ROM "tile_map_reg[0][2]" won't be mapped to RAM because address size (32) is larger than maximum supported(25)
INFO: [Synth 8-5545] ROM "tile_map_reg[0][2]" won't be mapped to RAM because address size (32) is larger than maximum supported(25)
INFO: [Synth 8-5545] ROM "tile_map_reg[0][2]" won't be mapped to RAM because address size (32) is larger than maximum supported(25)
INFO: [Synth 8-5545] ROM "tile_map_reg[0][2]" won't be mapped to RAM because address size (32) is larger than maximum supported(25)
INFO: [Synth 8-5545] ROM "tile_map_reg[0][2]" won't be mapped to RAM because address size (32) is larger than maximum supported(25)
INFO: [Synth 8-5545] ROM "tile_map_reg[0][2]" won't be mapped to RAM because address size (32) is larger than maximum supported(25)
INFO: [Synth 8-5545] ROM "tile_map_reg[0][3]" won't be mapped to RAM because address size (32) is larger than maximum supported(25)
INFO: [Synth 8-5545] ROM "tile_map_reg[0][3]" won't be mapped to RAM because address size (32) is larger than maximum supported(25)
INFO: [Synth 8-5545] ROM "tile_map_reg[0][3]" won't be mapped to RAM because address size (32) is larger than maximum supported(25)
INFO: [Synth 8-5545] ROM "tile_map_reg[0][3]" won't be mapped to RAM because address size (32) is larger than maximum supported(25)
INFO: [Synth 8-5545] ROM "tile_map_reg[0][3]" won't be mapped to RAM because address size (32) is larger than maximum supported(25)
INFO: [Synth 8-5545] ROM "tile_map_reg[0][3]" won't be mapped to RAM because address size (32) is larger than maximum supported(25)
INFO: [Synth 8-5545] ROM "tile_map_reg[0][3]" won't be mapped to RAM because address size (32) is larger than maximum supported(25)
INFO: [Synth 8-5545] ROM "tile_map_reg[0][3]" won't be mapped to RAM because address size (32) is larger than maximum supported(25)
INFO: [Synth 8-5545] ROM "tile_map_reg[0][3]" won't be mapped to RAM because address size (32) is larger than maximum supported(25)
INFO: [Synth 8-5545] ROM "tile_map_reg[0][3]" won't be mapped to RAM because address size (32) is larger than maximum supported(25)
INFO: [Synth 8-5545] ROM "tile_map_reg[0][4]" won't be mapped to RAM because address size (32) is larger than maximum supported(25)
INFO: [Synth 8-5545] ROM "tile_map_reg[0][4]" won't be mapped to RAM because address size (32) is larger than maximum supported(25)
INFO: [Synth 8-5545] ROM "tile_map_reg[0][4]" won't be mapped to RAM because address size (32) is larger than maximum supported(25)
INFO: [Synth 8-5545] ROM "tile_map_reg[0][4]" won't be mapped to RAM because address size (32) is larger than maximum supported(25)
INFO: [Synth 8-5545] ROM "tile_map_reg[0][4]" won't be mapped to RAM because address size (32) is larger than maximum supported(25)
INFO: [Synth 8-5545] ROM "tile_map_reg[0][4]" won't be mapped to RAM because address size (32) is larger than maximum supported(25)
INFO: [Synth 8-5545] ROM "tile_map_reg[0][4]" won't be mapped to RAM because address size (32) is larger than maximum supported(25)
INFO: [Synth 8-5545] ROM "tile_map_reg[0][4]" won't be mapped to RAM because address size (32) is larger than maximum supported(25)
INFO: [Synth 8-5545] ROM "tile_map_reg[0][4]" won't be mapped to RAM because address size (32) is larger than maximum supported(25)
INFO: [Synth 8-5545] ROM "tile_map_reg[0][4]" won't be mapped to RAM because address size (32) is larger than maximum supported(25)
INFO: [Synth 8-5545] ROM "tile_map_reg[0][5]" won't be mapped to RAM because address size (32) is larger than maximum supported(25)
INFO: [Synth 8-5545] ROM "tile_map_reg[0][5]" won't be mapped to RAM because address size (32) is larger than maximum supported(25)
INFO: [Synth 8-5545] ROM "tile_map_reg[0][5]" won't be mapped to RAM because address size (32) is larger than maximum supported(25)
INFO: [Synth 8-5545] ROM "tile_map_reg[0][5]" won't be mapped to RAM because address size (32) is larger than maximum supported(25)
INFO: [Synth 8-5545] ROM "tile_map_reg[0][5]" won't be mapped to RAM because address size (32) is larger than maximum supported(25)
INFO: [Common 17-14] Message 'Synth 8-5545' appears 100 times and further instances of the messages will be disabled. Use the Tcl command set_msg_config to change the current settings.
INFO: [Synth 8-5587] ROM size for "row" is below threshold of ROM address width. It will be mapped to LUTs
INFO: [Synth 8-5587] ROM size for "row" is below threshold of ROM address width. It will be mapped to LUTs
INFO: [Synth 8-5587] ROM size for "row" is below threshold of ROM address width. It will be mapped to LUTs
INFO: [Synth 8-5587] ROM size for "row" is below threshold of ROM address width. It will be mapped to LUTs
INFO: [Synth 8-5587] ROM size for "row" is below threshold of ROM address width. It will be mapped to LUTs
INFO: [Synth 8-5587] ROM size for "row" is below threshold of ROM address width. It will be mapped to LUTs
INFO: [Synth 8-5587] ROM size for "row" is below threshold of ROM address width. It will be mapped to LUTs
INFO: [Synth 8-5587] ROM size for "row" is below threshold of ROM address width. It will be mapped to LUTs
INFO: [Synth 8-5587] ROM size for "row" is below threshold of ROM address width. It will be mapped to LUTs
INFO: [Synth 8-5587] ROM size for "row" is below threshold of ROM address width. It will be mapped to LUTs
INFO: [Synth 8-5587] ROM size for "row" is below threshold of ROM address width. It will be mapped to LUTs
INFO: [Synth 8-5587] ROM size for "row" is below threshold of ROM address width. It will be mapped to LUTs
INFO: [Synth 8-802] inferred FSM for state register 'gen_state_reg' in module 'Top_Student'
---------------------------------------------------------------------------------------------------
                   State |                     New Encoding |                Previous Encoding 
---------------------------------------------------------------------------------------------------
                    idle |                00000000000000001 |                            00000
            rx_down_edge |                00000000000000010 |                            00011
                rx_clk_l |                00000000000000100 |                            00010
                rx_clk_h |                00000000000001000 |                            00001
         rx_error_parity |                00000000000010000 |                            00100
           rx_data_ready |                00000000000100000 |                            00101
          tx_force_clk_l |                00000000001000000 |                            00110
      tx_bring_data_down |                00000000010000000 |                            00111
          tx_release_clk |                00000000100000000 |                            01000
 tx_first_wait_down_edge |                00000001000000000 |                            01001
                tx_clk_l |                00000010000000000 |                            01010
         tx_wait_up_edge |                00000100000000000 |                            01011
tx_wait_up_edge_before_ack |                00001000000000000 |                            01101
             tx_wait_ack |                00010000000000000 |                            01110
         tx_received_ack |                00100000000000000 |                            01111
         tx_error_no_ack |                01000000000000000 |                            10000
                tx_clk_h |                10000000000000000 |                            01100
---------------------------------------------------------------------------------------------------
INFO: [Synth 8-3354] encoded FSM with state register 'state_reg' using encoding 'one-hot' in module 'Ps2Interface'
---------------------------------------------------------------------------------------------------
                   State |                     New Encoding |                Previous Encoding 
---------------------------------------------------------------------------------------------------
                   reset | 0000000000000000000000000000000000001 |                           000000
          reset_wait_ack | 0000000000000000000000000000000000010 |                           000001
reset_wait_bat_completion | 0000000000000000000000000000000000100 |                           000010
           reset_wait_id | 0000000000000000000000000000000001000 |                           000011
reset_set_sample_rate_200 | 0000000000000000000000000000000010000 |                           000100
reset_set_sample_rate_200_wait_ack | 0000000000000000000000000000000100000 |                           000101
reset_send_sample_rate_200 | 0000000000000000000000000000001000000 |                           000110
reset_send_sample_rate_200_wait_ack | 0000000000000000000000000000010000000 |                           000111
reset_set_sample_rate_100 | 0000000000000000000000000000100000000 |                           001000
reset_set_sample_rate_100_wait_ack | 0000000000000000000000000001000000000 |                           001001
reset_send_sample_rate_100 | 0000000000000000000000000010000000000 |                           001010
reset_send_sample_rate_100_wait_ack | 0000000000000000000000000100000000000 |                           001011
reset_set_sample_rate_80 | 0000000000000000000000001000000000000 |                           001100
reset_set_sample_rate_80_wait_ack | 0000000000000000000000010000000000000 |                           001101
reset_send_sample_rate_80 | 0000000000000000000000100000000000000 |                           001110
reset_send_sample_rate_80_wait_ack | 0000000000000000000001000000000000000 |                           001111
           reset_read_id | 0000000000000000000010000000000000000 |                           010000
  reset_read_id_wait_ack | 0000000000000000000100000000000000000 |                           010001
   reset_read_id_wait_id | 0000000000000000001000000000000000000 |                           010010
    reset_set_resolution | 0000000000000000010000000000000000000 |                           010011
reset_set_resolution_wait_ack | 0000000000000000100000000000000000000 |                           010100
   reset_send_resolution | 0000000000000001000000000000000000000 |                           010101
reset_send_resolution_wait_ack | 0000000000000010000000000000000000000 |                           010110
reset_set_sample_rate_40 | 0000000000000100000000000000000000000 |                           010111
reset_set_sample_rate_40_wait_ack | 0000000000001000000000000000000000000 |                           011000
reset_send_sample_rate_40 | 0000000000010000000000000000000000000 |                           011001
reset_send_sample_rate_40_wait_ack | 0000000000100000000000000000000000000 |                           011010
  reset_enable_reporting | 0000000001000000000000000000000000000 |                           011011
reset_enable_reporting_wait_ack | 0000000010000000000000000000000000000 |                           011100
             read_byte_1 | 0000000100000000000000000000000000000 |                           011101
             read_byte_2 | 0000001000000000000000000000000000000 |                           011110
             read_byte_3 | 0000010000000000000000000000000000000 |                           011111
             read_byte_4 | 0000100000000000000000000000000000000 |                           100000
          mark_new_event | 0001000000000000000000000000000000000 |                           100100
           check_read_id | 0010000000000000000000000000000000000 |                           100001
  check_read_id_wait_ack | 0100000000000000000000000000000000000 |                           100010
   check_read_id_wait_id | 1000000000000000000000000000000000000 |                           100011
---------------------------------------------------------------------------------------------------
INFO: [Synth 8-3354] encoded FSM with state register 'state_reg' using encoding 'one-hot' in module 'MouseCtl'
---------------------------------------------------------------------------------------------------
                   State |                     New Encoding |                Previous Encoding 
---------------------------------------------------------------------------------------------------
                    WAIT |                               00 |                               00
                 RECEIVE |                               01 |                               01
                  EXPORT |                               10 |                               10
---------------------------------------------------------------------------------------------------
INFO: [Synth 8-3354] encoded FSM with state register 'state_reg' using encoding 'sequential' in module 'uart_rx'
---------------------------------------------------------------------------------------------------
                   State |                     New Encoding |                Previous Encoding 
---------------------------------------------------------------------------------------------------
                 iSTATE5 |                          0000001 |                              000
                 iSTATE2 |                          0000010 |                              001
                  iSTATE |                          0000100 |                              010
                 iSTATE3 |                          0001000 |                              011
                 iSTATE1 |                          0010000 |                              100
                 iSTATE4 |                          0100000 |                              101
                 iSTATE0 |                          1000000 |                              110
---------------------------------------------------------------------------------------------------
INFO: [Synth 8-3354] encoded FSM with state register 'state_reg' using encoding 'one-hot' in module 'pairing_fsm'
---------------------------------------------------------------------------------------------------
                   State |                     New Encoding |                Previous Encoding 
---------------------------------------------------------------------------------------------------
                 PowerUp | 00000000100000000000000000000000 |                            00000
                   Reset | 00000000000100000000000000000000 |                            00001
            ReleaseReset | 00000000000000000000100000000000 |                            00011
            EnableDriver | 00000000000000000001000000000000 |                            00010
              DisplayOff | 00000000000000000100000000000000 |                            00110
   SetRemapDisplayFormat | 00000100000000000000000000000000 |                            00111
            SetStartLine | 00001000000000000000000000000000 |                            00101
               SetOffset | 10000000000000000000000000000000 |                            00100
        SetNormalDisplay | 00000000000000000000000010000000 |                            01100
       SetMultiplexRatio | 00000000000000000000000000100000 |                            01101
  SetMasterConfiguration | 00000000000000000000000001000000 |                            01111
        DisablePowerSave | 00000000000000000000000000000100 |                            01110
          SetPhaseAdjust | 00000000000000000000000000001000 |                            01010
         SetDisplayClock | 00000000001000000000000000000000 |                            01011
     SetSecondPrechargeA | 00000000010000000000000000000000 |                            01001
     SetSecondPrechargeB | 01000000000000000000000000000000 |                            01000
     SetSecondPrechargeC | 00000010000000000000000000000000 |                            11000
       SetPrechargeLevel | 00000001000000000000000000000000 |                            11001
                SetVCOMH | 00000000000000010000000000000000 |                            11011
        SetMasterCurrent | 00000000000000100000000000000000 |                            11010
            SetContrastA | 00000000000001000000000000000000 |                            11110
            SetContrastB | 00100000000000000000000000000000 |                            11111
            SetContrastC | 00000000000000000000000000000001 |                            11101
        DisableScrolling | 00000000000000000000000000000010 |                            11100
             ClearScreen | 00000000000000000000000000010000 |                            10100
                   VccEn | 00010000000000000000000000000000 |                            10101
               DisplayOn | 00000000000010000000000000000000 |                            10111
        PrepareNextFrame | 00000000000000001000000000000000 |                            10110
           SetColAddress | 00000000000000000000010000000000 |                            10010
           SetRowAddress | 00000000000000000000000100000000 |                            10011
           WaitNextFrame | 00000000000000000000001000000000 |                            10001
               SendPixel | 00000000000000000010000000000000 |                            10000
---------------------------------------------------------------------------------------------------
INFO: [Synth 8-3354] encoded FSM with state register 'state_reg' using encoding 'one-hot' in module 'Oled_Display'
---------------------------------------------------------------------------------------------------
                   State |                     New Encoding |                Previous Encoding 
---------------------------------------------------------------------------------------------------
                 iSTATE1 |                              000 |                              000
                 iSTATE3 |                              001 |                              010
                 iSTATE5 |                              010 |                              011
                 iSTATE2 |                              011 |                              101
                 iSTATE4 |                              100 |                              110
                  iSTATE |                              101 |                              111
                 iSTATE6 |                              110 |                              001
                 iSTATE0 |                              111 |                              100
---------------------------------------------------------------------------------------------------
INFO: [Synth 8-3354] encoded FSM with state register 'state_reg' using encoding 'sequential' in module 'interface_fsm'
---------------------------------------------------------------------------------------------------
                   State |                     New Encoding |                Previous Encoding 
---------------------------------------------------------------------------------------------------
                ST_READY |                              001 |                               00
               ST_ACTIVE |                              010 |                               01
             ST_COOLDOWN |                              100 |                               10
---------------------------------------------------------------------------------------------------
INFO: [Synth 8-3354] encoded FSM with state register 'state_reg' using encoding 'one-hot' in module 'stun_controller'
INFO: [Synth 8-6430] The Block RAM closed_y_reg may get memory collision error if read and write address collide. Use attribute (* rw_addr_collision= "yes" *) to avoid collision 
INFO: [Synth 8-6430] The Block RAM closed_x_reg may get memory collision error if read and write address collide. Use attribute (* rw_addr_collision= "yes" *) to avoid collision 
---------------------------------------------------------------------------------------------------
                   State |                     New Encoding |                Previous Encoding 
---------------------------------------------------------------------------------------------------
                   QUEUE |                               00 |                               00
              CLIENT_ONE |                               01 |                               01
              CLIENT_TWO |                               10 |                               10
---------------------------------------------------------------------------------------------------
INFO: [Synth 8-3354] encoded FSM with state register 'state_reg' using encoding 'sequential' in module 'a_star_mux'
---------------------------------------------------------------------------------------------------
                   State |                     New Encoding |                Previous Encoding 
---------------------------------------------------------------------------------------------------
                 iSTATE1 |                               00 |                               00
                  iSTATE |                               01 |                               01
                 iSTATE0 |                               10 |                               10
                 iSTATE2 |                               11 |                               11
---------------------------------------------------------------------------------------------------
INFO: [Synth 8-3354] encoded FSM with state register 'gen_state_reg' using encoding 'sequential' in module 'Top_Student'
---------------------------------------------------------------------------------
Finished RTL Optimization Phase 2 : Time (s): cpu = 00:01:53 ; elapsed = 00:02:04 . Memory (MB): peak = 1352.191 ; gain = 1065.258
---------------------------------------------------------------------------------
RAM Pipeline Warning: Read Address Register Found For RAM closed_y_reg. We will not be able to pipeline it. This may degrade performance. 
RAM Pipeline Warning: Read Address Register Found For RAM closed_x_reg. We will not be able to pipeline it. This may degrade performance. 

Report RTL Partitions: 
+------+-------------------+------------+----------+
|      |RTL Partition      |Replication |Instances |
+------+-------------------+------------+----------+
|1     |interface_fsm__GB0 |           1|     25613|
|2     |interface_fsm__GB1 |           1|      5972|
|3     |Top_Student__GCB0  |           1|     23167|
|4     |Top_Student__GCB1  |           1|     18195|
|5     |Top_Student__GCB2  |           1|     11741|
|6     |Top_Student__GCB3  |           1|     13739|
|7     |Top_Student__GCB4  |           1|     17768|
|8     |Top_Student__GCB5  |           1|     39130|
+------+-------------------+------------+----------+
---------------------------------------------------------------------------------
Start RTL Component Statistics 
---------------------------------------------------------------------------------
Detailed RTL Component Info : 
+---Adders : 
	   2 Input     32 Bit       Adders := 91    
	   2 Input     28 Bit       Adders := 1     
	   2 Input     27 Bit       Adders := 6     
	   2 Input     25 Bit       Adders := 2     
	   2 Input     24 Bit       Adders := 4     
	   2 Input     23 Bit       Adders := 2     
	   2 Input     19 Bit       Adders := 1     
	   2 Input     17 Bit       Adders := 2     
	   2 Input     12 Bit       Adders := 4     
	   2 Input     11 Bit       Adders := 1     
	   2 Input     10 Bit       Adders := 1     
	   2 Input      9 Bit       Adders := 1     
	   2 Input      8 Bit       Adders := 13    
	   3 Input      8 Bit       Adders := 3     
	   2 Input      7 Bit       Adders := 26    
	   3 Input      7 Bit       Adders := 8     
	   2 Input      6 Bit       Adders := 22    
	   3 Input      6 Bit       Adders := 6     
	   5 Input      5 Bit       Adders := 8     
	   2 Input      5 Bit       Adders := 18    
	   2 Input      4 Bit       Adders := 47    
	   3 Input      4 Bit       Adders := 2     
	   2 Input      3 Bit       Adders := 56    
	   4 Input      3 Bit       Adders := 4     
	   2 Input      2 Bit       Adders := 17    
+---XORs : 
	   4 Input      1 Bit         XORs := 1     
+---Registers : 
	              160 Bit    Registers := 6     
	               40 Bit    Registers := 2     
	               32 Bit    Registers := 2     
	               28 Bit    Registers := 1     
	               27 Bit    Registers := 6     
	               26 Bit    Registers := 1     
	               25 Bit    Registers := 3     
	               24 Bit    Registers := 6     
	               23 Bit    Registers := 2     
	               19 Bit    Registers := 1     
	               17 Bit    Registers := 2     
	               16 Bit    Registers := 4     
	               14 Bit    Registers := 1     
	               12 Bit    Registers := 7     
	               11 Bit    Registers := 2     
	               10 Bit    Registers := 1     
	                9 Bit    Registers := 1     
	                8 Bit    Registers := 152   
	                7 Bit    Registers := 15    
	                6 Bit    Registers := 7     
	                5 Bit    Registers := 4     
	                4 Bit    Registers := 605   
	                3 Bit    Registers := 408   
	                2 Bit    Registers := 53    
	                1 Bit    Registers := 159   
+---Multipliers : 
	                 6x32  Multipliers := 14    
+---RAMs : 
	              540 Bit         RAMs := 2     
+---Muxes : 
	   2 Input     40 Bit        Muxes := 6     
	  37 Input     37 Bit        Muxes := 1     
	   2 Input     37 Bit        Muxes := 69    
	  32 Input     32 Bit        Muxes := 2     
	   2 Input     32 Bit        Muxes := 6     
	   8 Input     28 Bit        Muxes := 1     
	   2 Input     27 Bit        Muxes := 8     
	   4 Input     27 Bit        Muxes := 4     
	   3 Input     27 Bit        Muxes := 2     
	   2 Input     26 Bit        Muxes := 1     
	   2 Input     25 Bit        Muxes := 3     
	   7 Input     25 Bit        Muxes := 1     
	   3 Input     25 Bit        Muxes := 2     
	   2 Input     24 Bit        Muxes := 4     
	   4 Input     24 Bit        Muxes := 4     
	   2 Input     23 Bit        Muxes := 2     
	   7 Input     23 Bit        Muxes := 1     
	  32 Input     20 Bit        Muxes := 2     
	   2 Input     19 Bit        Muxes := 1     
	   2 Input     17 Bit        Muxes := 20    
	  17 Input     17 Bit        Muxes := 1     
	   2 Input     16 Bit        Muxes := 56    
	  12 Input     16 Bit        Muxes := 1     
	   5 Input     16 Bit        Muxes := 1     
	   7 Input     16 Bit        Muxes := 1     
	  16 Input     16 Bit        Muxes := 1     
	   4 Input     16 Bit        Muxes := 2     
	   3 Input     16 Bit        Muxes := 2     
	   2 Input     12 Bit        Muxes := 12    
	   3 Input     11 Bit        Muxes := 1     
	   2 Input     11 Bit        Muxes := 1     
	   2 Input     10 Bit        Muxes := 1     
	   3 Input     10 Bit        Muxes := 1     
	  11 Input      9 Bit        Muxes := 13    
	   2 Input      9 Bit        Muxes := 5     
	  27 Input      8 Bit        Muxes := 7     
	   2 Input      8 Bit        Muxes := 4     
	   4 Input      8 Bit        Muxes := 1     
	   3 Input      8 Bit        Muxes := 1     
	   7 Input      8 Bit        Muxes := 1     
	  37 Input      8 Bit        Muxes := 3     
	   2 Input      7 Bit        Muxes := 18    
	   4 Input      7 Bit        Muxes := 6     
	   6 Input      7 Bit        Muxes := 2     
	   7 Input      7 Bit        Muxes := 1     
	   3 Input      7 Bit        Muxes := 1     
	  27 Input      6 Bit        Muxes := 1     
	   2 Input      6 Bit        Muxes := 23    
	   4 Input      6 Bit        Muxes := 6     
	   8 Input      6 Bit        Muxes := 6     
	  32 Input      6 Bit        Muxes := 2     
	   7 Input      5 Bit        Muxes := 63    
	   2 Input      5 Bit        Muxes := 27    
	  32 Input      5 Bit        Muxes := 2     
	   3 Input      5 Bit        Muxes := 1     
	   2 Input      4 Bit        Muxes := 271   
	   7 Input      4 Bit        Muxes := 4     
	  27 Input      4 Bit        Muxes := 6     
	   4 Input      4 Bit        Muxes := 5     
	   3 Input      4 Bit        Muxes := 1     
	   8 Input      4 Bit        Muxes := 1     
	   6 Input      4 Bit        Muxes := 2     
	  37 Input      4 Bit        Muxes := 1     
	   8 Input      3 Bit        Muxes := 2     
	   2 Input      3 Bit        Muxes := 5124  
	   4 Input      3 Bit        Muxes := 137   
	   7 Input      3 Bit        Muxes := 2     
	   2 Input      2 Bit        Muxes := 405   
	   4 Input      2 Bit        Muxes := 24    
	   6 Input      2 Bit        Muxes := 2     
	   8 Input      2 Bit        Muxes := 1     
	  27 Input      2 Bit        Muxes := 2     
	   3 Input      2 Bit        Muxes := 2     
	   7 Input      2 Bit        Muxes := 4     
	   5 Input      2 Bit        Muxes := 1     
	   9 Input      2 Bit        Muxes := 1     
	   2 Input      1 Bit        Muxes := 10671 
	   3 Input      1 Bit        Muxes := 38    
	   8 Input      1 Bit        Muxes := 19    
	  27 Input      1 Bit        Muxes := 289   
	  29 Input      1 Bit        Muxes := 2     
	   4 Input      1 Bit        Muxes := 206   
	   6 Input      1 Bit        Muxes := 7     
	   5 Input      1 Bit        Muxes := 2     
	   7 Input      1 Bit        Muxes := 9     
	  17 Input      1 Bit        Muxes := 4     
	  37 Input      1 Bit        Muxes := 20    
---------------------------------------------------------------------------------
Finished RTL Component Statistics 
---------------------------------------------------------------------------------
---------------------------------------------------------------------------------
Start RTL Hierarchical Component Statistics 
---------------------------------------------------------------------------------
Hierarchical RTL Component report 
Module Top_Student 
Detailed RTL Component Info : 
+---Adders : 
	   2 Input     32 Bit       Adders := 14    
	   3 Input      8 Bit       Adders := 2     
	   2 Input      7 Bit       Adders := 5     
	   3 Input      7 Bit       Adders := 8     
	   2 Input      6 Bit       Adders := 4     
	   3 Input      6 Bit       Adders := 6     
	   2 Input      5 Bit       Adders := 16    
	   2 Input      4 Bit       Adders := 7     
	   3 Input      4 Bit       Adders := 2     
	   2 Input      3 Bit       Adders := 6     
	   2 Input      2 Bit       Adders := 7     
+---Registers : 
	               24 Bit    Registers := 1     
	               16 Bit    Registers := 1     
	               14 Bit    Registers := 1     
	               12 Bit    Registers := 1     
	                4 Bit    Registers := 49    
	                3 Bit    Registers := 270   
	                2 Bit    Registers := 29    
	                1 Bit    Registers := 41    
+---Multipliers : 
	                 6x32  Multipliers := 10    
+---Muxes : 
	  16 Input     16 Bit        Muxes := 1     
	   2 Input     16 Bit        Muxes := 13    
	   4 Input     16 Bit        Muxes := 1     
	   3 Input     16 Bit        Muxes := 1     
	   2 Input     12 Bit        Muxes := 2     
	   3 Input     11 Bit        Muxes := 1     
	  11 Input      9 Bit        Muxes := 4     
	   2 Input      8 Bit        Muxes := 2     
	   2 Input      7 Bit        Muxes := 2     
	   2 Input      6 Bit        Muxes := 8     
	   8 Input      6 Bit        Muxes := 6     
	   2 Input      4 Bit        Muxes := 58    
	   4 Input      4 Bit        Muxes := 2     
	   2 Input      3 Bit        Muxes := 5111  
	   4 Input      3 Bit        Muxes := 135   
	   2 Input      2 Bit        Muxes := 371   
	   5 Input      2 Bit        Muxes := 1     
	   4 Input      2 Bit        Muxes := 8     
	   9 Input      2 Bit        Muxes := 1     
	   5 Input      1 Bit        Muxes := 2     
	   2 Input      1 Bit        Muxes := 9749  
	   4 Input      1 Bit        Muxes := 177   
	   3 Input      1 Bit        Muxes := 1     
Module debounce__1 
Detailed RTL Component Info : 
+---Registers : 
	                1 Bit    Registers := 5     
+---Muxes : 
	   2 Input      1 Bit        Muxes := 2     
Module debounce__2 
Detailed RTL Component Info : 
+---Registers : 
	                1 Bit    Registers := 5     
+---Muxes : 
	   2 Input      1 Bit        Muxes := 2     
Module debounce__3 
Detailed RTL Component Info : 
+---Registers : 
	                1 Bit    Registers := 5     
+---Muxes : 
	   2 Input      1 Bit        Muxes := 2     
Module debounce__4 
Detailed RTL Component Info : 
+---Registers : 
	                1 Bit    Registers := 5     
+---Muxes : 
	   2 Input      1 Bit        Muxes := 2     
Module debounce 
Detailed RTL Component Info : 
+---Registers : 
	                1 Bit    Registers := 5     
+---Muxes : 
	   2 Input      1 Bit        Muxes := 2     
Module interface_fsm 
Detailed RTL Component Info : 
+---Adders : 
	   2 Input     32 Bit       Adders := 66    
	   2 Input     28 Bit       Adders := 1     
	   2 Input      4 Bit       Adders := 17    
	   2 Input      3 Bit       Adders := 46    
+---Registers : 
	               28 Bit    Registers := 1     
	               16 Bit    Registers := 1     
	                3 Bit    Registers := 1     
	                2 Bit    Registers := 3     
	                1 Bit    Registers := 12    
+---Muxes : 
	   8 Input     28 Bit        Muxes := 1     
	   2 Input     16 Bit        Muxes := 39    
	  12 Input     16 Bit        Muxes := 1     
	   5 Input     16 Bit        Muxes := 1     
	   7 Input     16 Bit        Muxes := 1     
	  11 Input      9 Bit        Muxes := 9     
	   7 Input      5 Bit        Muxes := 63    
	   2 Input      4 Bit        Muxes := 1     
	   7 Input      4 Bit        Muxes := 4     
	   8 Input      3 Bit        Muxes := 2     
	   2 Input      3 Bit        Muxes := 9     
	   4 Input      3 Bit        Muxes := 2     
	   2 Input      2 Bit        Muxes := 5     
	   4 Input      2 Bit        Muxes := 4     
	   6 Input      2 Bit        Muxes := 2     
	   8 Input      2 Bit        Muxes := 1     
	   3 Input      1 Bit        Muxes := 4     
	   2 Input      1 Bit        Muxes := 19    
	   8 Input      1 Bit        Muxes := 18    
Module a_star 
Detailed RTL Component Info : 
+---Adders : 
	   2 Input     32 Bit       Adders := 1     
	   2 Input      8 Bit       Adders := 10    
	   3 Input      8 Bit       Adders := 1     
	   2 Input      7 Bit       Adders := 2     
	   2 Input      6 Bit       Adders := 1     
	   5 Input      5 Bit       Adders := 1     
	   2 Input      4 Bit       Adders := 2     
	   2 Input      2 Bit       Adders := 1     
+---Registers : 
	              160 Bit    Registers := 2     
	                8 Bit    Registers := 146   
	                7 Bit    Registers := 4     
	                6 Bit    Registers := 1     
	                5 Bit    Registers := 2     
	                4 Bit    Registers := 363   
	                3 Bit    Registers := 136   
	                2 Bit    Registers := 1     
	                1 Bit    Registers := 4     
+---RAMs : 
	              540 Bit         RAMs := 2     
+---Muxes : 
	  27 Input      8 Bit        Muxes := 7     
	   2 Input      8 Bit        Muxes := 1     
	   2 Input      7 Bit        Muxes := 1     
	  27 Input      6 Bit        Muxes := 1     
	   2 Input      5 Bit        Muxes := 6     
	  27 Input      4 Bit        Muxes := 6     
	   2 Input      4 Bit        Muxes := 4     
	   4 Input      4 Bit        Muxes := 2     
	   3 Input      4 Bit        Muxes := 1     
	   2 Input      3 Bit        Muxes := 2     
	  27 Input      2 Bit        Muxes := 2     
	   4 Input      2 Bit        Muxes := 2     
	  27 Input      1 Bit        Muxes := 289   
	   2 Input      1 Bit        Muxes := 736   
	  29 Input      1 Bit        Muxes := 1     
Module a_star_mux 
Detailed RTL Component Info : 
+---Registers : 
	              160 Bit    Registers := 4     
	                7 Bit    Registers := 2     
	                4 Bit    Registers := 4     
	                1 Bit    Registers := 7     
+---Muxes : 
	   2 Input      4 Bit        Muxes := 4     
	   3 Input      2 Bit        Muxes := 1     
	   2 Input      2 Bit        Muxes := 1     
	   2 Input      1 Bit        Muxes := 8     
	   3 Input      1 Bit        Muxes := 11    
Module seven_segment 
Detailed RTL Component Info : 
+---Adders : 
	   2 Input     19 Bit       Adders := 1     
	   2 Input      2 Bit       Adders := 1     
+---Registers : 
	               19 Bit    Registers := 1     
	                8 Bit    Registers := 1     
	                4 Bit    Registers := 1     
	                2 Bit    Registers := 1     
+---Muxes : 
	   2 Input     19 Bit        Muxes := 1     
	   4 Input      8 Bit        Muxes := 1     
	   4 Input      4 Bit        Muxes := 1     
	   2 Input      1 Bit        Muxes := 1     
Module bot_escape 
Detailed RTL Component Info : 
+---Adders : 
	   2 Input      4 Bit       Adders := 16    
	   4 Input      3 Bit       Adders := 4     
+---Registers : 
	                4 Bit    Registers := 2     
	                1 Bit    Registers := 1     
+---Muxes : 
	   2 Input      4 Bit        Muxes := 6     
	   8 Input      4 Bit        Muxes := 1     
Module movement_controller__1 
Detailed RTL Component Info : 
+---Adders : 
	   2 Input     32 Bit       Adders := 4     
	   2 Input      7 Bit       Adders := 3     
	   2 Input      6 Bit       Adders := 2     
+---Registers : 
	                7 Bit    Registers := 3     
	                6 Bit    Registers := 1     
	                4 Bit    Registers := 82    
	                2 Bit    Registers := 1     
	                1 Bit    Registers := 7     
+---Multipliers : 
	                 6x32  Multipliers := 2     
+---Muxes : 
	   2 Input      7 Bit        Muxes := 6     
	   4 Input      7 Bit        Muxes := 1     
	   6 Input      7 Bit        Muxes := 1     
	   2 Input      6 Bit        Muxes := 5     
	   4 Input      6 Bit        Muxes := 1     
	   2 Input      4 Bit        Muxes := 82    
	   2 Input      3 Bit        Muxes := 1     
	   2 Input      2 Bit        Muxes := 3     
	   2 Input      1 Bit        Muxes := 22    
	   4 Input      1 Bit        Muxes := 1     
Module bomb_controller__1 
Detailed RTL Component Info : 
+---Adders : 
	   2 Input     27 Bit       Adders := 2     
	   2 Input     24 Bit       Adders := 2     
	   2 Input      2 Bit       Adders := 3     
+---Registers : 
	               27 Bit    Registers := 2     
	               24 Bit    Registers := 2     
	                4 Bit    Registers := 4     
	                2 Bit    Registers := 8     
+---Muxes : 
	   2 Input     27 Bit        Muxes := 2     
	   4 Input     27 Bit        Muxes := 2     
	   2 Input     24 Bit        Muxes := 2     
	   4 Input     24 Bit        Muxes := 2     
	   2 Input      4 Bit        Muxes := 4     
	   4 Input      2 Bit        Muxes := 5     
	   2 Input      2 Bit        Muxes := 7     
	   7 Input      2 Bit        Muxes := 2     
	   2 Input      1 Bit        Muxes := 22    
	   4 Input      1 Bit        Muxes := 13    
Module stun_controller__1 
Detailed RTL Component Info : 
+---Adders : 
	   2 Input     27 Bit       Adders := 1     
	   2 Input      8 Bit       Adders := 1     
	   2 Input      7 Bit       Adders := 6     
	   2 Input      6 Bit       Adders := 5     
+---Registers : 
	               27 Bit    Registers := 1     
	                1 Bit    Registers := 2     
+---Muxes : 
	   2 Input     27 Bit        Muxes := 2     
	   3 Input     27 Bit        Muxes := 1     
	   4 Input      7 Bit        Muxes := 2     
	   4 Input      6 Bit        Muxes := 2     
	   2 Input      1 Bit        Muxes := 3     
	   3 Input      1 Bit        Muxes := 6     
Module p2_controller 
Detailed RTL Component Info : 
+---Adders : 
	   5 Input      5 Bit       Adders := 7     
	   2 Input      2 Bit       Adders := 1     
+---Registers : 
	                7 Bit    Registers := 1     
	                6 Bit    Registers := 1     
	                4 Bit    Registers := 6     
	                3 Bit    Registers := 1     
	                2 Bit    Registers := 1     
	                1 Bit    Registers := 5     
+---Muxes : 
	   2 Input      6 Bit        Muxes := 1     
	   2 Input      5 Bit        Muxes := 14    
	   2 Input      4 Bit        Muxes := 24    
	   6 Input      4 Bit        Muxes := 2     
	   7 Input      3 Bit        Muxes := 1     
	   2 Input      2 Bit        Muxes := 1     
	   2 Input      1 Bit        Muxes := 17    
	   6 Input      1 Bit        Muxes := 4     
Module movement_controller 
Detailed RTL Component Info : 
+---Adders : 
	   2 Input     32 Bit       Adders := 4     
	   2 Input      7 Bit       Adders := 3     
	   2 Input      6 Bit       Adders := 2     
+---Registers : 
	                7 Bit    Registers := 3     
	                6 Bit    Registers := 1     
	                4 Bit    Registers := 82    
	                2 Bit    Registers := 1     
	                1 Bit    Registers := 7     
+---Multipliers : 
	                 6x32  Multipliers := 2     
+---Muxes : 
	   2 Input      7 Bit        Muxes := 6     
	   4 Input      7 Bit        Muxes := 1     
	   6 Input      7 Bit        Muxes := 1     
	   2 Input      6 Bit        Muxes := 5     
	   4 Input      6 Bit        Muxes := 1     
	   2 Input      4 Bit        Muxes := 82    
	   2 Input      3 Bit        Muxes := 1     
	   2 Input      2 Bit        Muxes := 3     
	   2 Input      1 Bit        Muxes := 22    
	   4 Input      1 Bit        Muxes := 1     
Module bomb_controller 
Detailed RTL Component Info : 
+---Adders : 
	   2 Input     27 Bit       Adders := 2     
	   2 Input     24 Bit       Adders := 2     
	   2 Input      2 Bit       Adders := 3     
+---Registers : 
	               27 Bit    Registers := 2     
	               24 Bit    Registers := 2     
	                4 Bit    Registers := 4     
	                2 Bit    Registers := 8     
+---Muxes : 
	   2 Input     27 Bit        Muxes := 2     
	   4 Input     27 Bit        Muxes := 2     
	   2 Input     24 Bit        Muxes := 2     
	   4 Input     24 Bit        Muxes := 2     
	   2 Input      4 Bit        Muxes := 4     
	   4 Input      2 Bit        Muxes := 5     
	   2 Input      2 Bit        Muxes := 7     
	   7 Input      2 Bit        Muxes := 2     
	   2 Input      1 Bit        Muxes := 22    
	   4 Input      1 Bit        Muxes := 13    
Module stun_controller 
Detailed RTL Component Info : 
+---Adders : 
	   2 Input     27 Bit       Adders := 1     
	   2 Input      8 Bit       Adders := 1     
	   2 Input      7 Bit       Adders := 6     
	   2 Input      6 Bit       Adders := 5     
+---Registers : 
	               27 Bit    Registers := 1     
	                1 Bit    Registers := 2     
+---Muxes : 
	   2 Input     27 Bit        Muxes := 2     
	   3 Input     27 Bit        Muxes := 1     
	   4 Input      7 Bit        Muxes := 2     
	   4 Input      6 Bit        Muxes := 2     
	   2 Input      1 Bit        Muxes := 3     
	   3 Input      1 Bit        Muxes := 6     
Module p1_controller 
Detailed RTL Component Info : 
+---Adders : 
	   2 Input      2 Bit       Adders := 1     
+---Registers : 
	                7 Bit    Registers := 1     
	                6 Bit    Registers := 1     
	                4 Bit    Registers := 4     
+---Muxes : 
	   2 Input      4 Bit        Muxes := 2     
	   2 Input      1 Bit        Muxes := 1     
Module powerup_oled 
Detailed RTL Component Info : 
+---Adders : 
	   2 Input      6 Bit       Adders := 1     
	   2 Input      4 Bit       Adders := 2     
	   2 Input      3 Bit       Adders := 4     
+---Muxes : 
	   3 Input     16 Bit        Muxes := 1     
	   2 Input     16 Bit        Muxes := 4     
	   4 Input     16 Bit        Muxes := 1     
	   2 Input      6 Bit        Muxes := 2     
	   2 Input      5 Bit        Muxes := 1     
	   2 Input      2 Bit        Muxes := 5     
	   6 Input      1 Bit        Muxes := 3     
	   2 Input      1 Bit        Muxes := 1     
	   4 Input      1 Bit        Muxes := 1     
	   8 Input      1 Bit        Muxes := 1     
	  29 Input      1 Bit        Muxes := 1     
Module Oled_Display__1 
Detailed RTL Component Info : 
+---Adders : 
	   2 Input     17 Bit       Adders := 1     
	   2 Input      6 Bit       Adders := 1     
+---Registers : 
	               40 Bit    Registers := 1     
	               17 Bit    Registers := 1     
	                6 Bit    Registers := 1     
+---Muxes : 
	   2 Input     40 Bit        Muxes := 3     
	  32 Input     32 Bit        Muxes := 1     
	   2 Input     32 Bit        Muxes := 2     
	  32 Input     20 Bit        Muxes := 1     
	   2 Input     17 Bit        Muxes := 1     
	  32 Input      6 Bit        Muxes := 1     
	   2 Input      6 Bit        Muxes := 1     
	   2 Input      5 Bit        Muxes := 2     
	  32 Input      5 Bit        Muxes := 1     
	   2 Input      1 Bit        Muxes := 2     
Module Oled_Display 
Detailed RTL Component Info : 
+---Adders : 
	   2 Input     17 Bit       Adders := 1     
	   2 Input      6 Bit       Adders := 1     
+---Registers : 
	               40 Bit    Registers := 1     
	               17 Bit    Registers := 1     
	                6 Bit    Registers := 1     
+---Muxes : 
	   2 Input     40 Bit        Muxes := 3     
	  32 Input     32 Bit        Muxes := 1     
	   2 Input     32 Bit        Muxes := 2     
	  32 Input     20 Bit        Muxes := 1     
	   2 Input     17 Bit        Muxes := 1     
	  32 Input      6 Bit        Muxes := 1     
	   2 Input      6 Bit        Muxes := 1     
	   2 Input      5 Bit        Muxes := 2     
	  32 Input      5 Bit        Muxes := 1     
	   2 Input      1 Bit        Muxes := 2     
Module variable_clock__parameterized0 
Detailed RTL Component Info : 
+---Adders : 
	   2 Input     32 Bit       Adders := 1     
+---Registers : 
	               32 Bit    Registers := 1     
	                1 Bit    Registers := 1     
+---Muxes : 
	   2 Input     32 Bit        Muxes := 1     
	   2 Input      1 Bit        Muxes := 1     
Module package_game_data 
Detailed RTL Component Info : 
+---Registers : 
	               16 Bit    Registers := 1     
	                1 Bit    Registers := 1     
Module pairing_fsm 
Detailed RTL Component Info : 
+---Adders : 
	   2 Input     25 Bit       Adders := 1     
	   2 Input     23 Bit       Adders := 1     
+---Registers : 
	               25 Bit    Registers := 1     
	               23 Bit    Registers := 1     
	                8 Bit    Registers := 1     
	                1 Bit    Registers := 4     
+---Muxes : 
	   2 Input     25 Bit        Muxes := 1     
	   7 Input     25 Bit        Muxes := 1     
	   2 Input     23 Bit        Muxes := 1     
	   7 Input     23 Bit        Muxes := 1     
	   2 Input      8 Bit        Muxes := 1     
	   3 Input      8 Bit        Muxes := 1     
	   7 Input      8 Bit        Muxes := 1     
	   7 Input      7 Bit        Muxes := 1     
	   2 Input      7 Bit        Muxes := 3     
	   3 Input      7 Bit        Muxes := 1     
	   7 Input      3 Bit        Muxes := 1     
	   2 Input      1 Bit        Muxes := 11    
	   3 Input      1 Bit        Muxes := 1     
	   7 Input      1 Bit        Muxes := 9     
Module uart_rx 
Detailed RTL Component Info : 
+---Adders : 
	   2 Input     10 Bit       Adders := 1     
	   2 Input      5 Bit       Adders := 1     
+---Registers : 
	               25 Bit    Registers := 1     
	               24 Bit    Registers := 1     
	               10 Bit    Registers := 1     
	                5 Bit    Registers := 1     
	                1 Bit    Registers := 2     
+---Muxes : 
	   2 Input     25 Bit        Muxes := 1     
	   3 Input     25 Bit        Muxes := 2     
	   2 Input     10 Bit        Muxes := 1     
	   3 Input     10 Bit        Muxes := 1     
	   3 Input      5 Bit        Muxes := 1     
	   3 Input      2 Bit        Muxes := 1     
	   2 Input      2 Bit        Muxes := 2     
	   2 Input      1 Bit        Muxes := 2     
	   3 Input      1 Bit        Muxes := 8     
Module uart_tx 
Detailed RTL Component Info : 
+---Adders : 
	   2 Input      9 Bit       Adders := 1     
	   2 Input      5 Bit       Adders := 1     
+---Registers : 
	               26 Bit    Registers := 1     
	                9 Bit    Registers := 1     
	                5 Bit    Registers := 1     
	                1 Bit    Registers := 3     
+---Muxes : 
	   2 Input     26 Bit        Muxes := 1     
	   2 Input      9 Bit        Muxes := 3     
	   2 Input      5 Bit        Muxes := 2     
	   2 Input      1 Bit        Muxes := 8     
	   3 Input      1 Bit        Muxes := 1     
Module Ps2Interface 
Detailed RTL Component Info : 
+---Adders : 
	   2 Input     11 Bit       Adders := 1     
	   2 Input      7 Bit       Adders := 1     
	   2 Input      4 Bit       Adders := 3     
+---Registers : 
	               11 Bit    Registers := 2     
	                8 Bit    Registers := 1     
	                7 Bit    Registers := 1     
	                4 Bit    Registers := 3     
	                1 Bit    Registers := 17    
+---Muxes : 
	  17 Input     17 Bit        Muxes := 1     
	   2 Input     17 Bit        Muxes := 18    
	   2 Input     11 Bit        Muxes := 1     
	   2 Input      1 Bit        Muxes := 3     
	  17 Input      1 Bit        Muxes := 4     
Module MouseCtl 
Detailed RTL Component Info : 
+---Adders : 
	   2 Input     25 Bit       Adders := 1     
	   2 Input     23 Bit       Adders := 1     
	   2 Input     12 Bit       Adders := 4     
	   2 Input      8 Bit       Adders := 1     
+---Registers : 
	               25 Bit    Registers := 1     
	               23 Bit    Registers := 1     
	               12 Bit    Registers := 6     
	                8 Bit    Registers := 3     
	                4 Bit    Registers := 1     
	                1 Bit    Registers := 17    
+---Muxes : 
	  37 Input     37 Bit        Muxes := 1     
	   2 Input     37 Bit        Muxes := 69    
	   2 Input     25 Bit        Muxes := 1     
	   2 Input     23 Bit        Muxes := 1     
	   2 Input     12 Bit        Muxes := 10    
	   2 Input      9 Bit        Muxes := 2     
	  37 Input      8 Bit        Muxes := 3     
	  37 Input      4 Bit        Muxes := 1     
	   2 Input      1 Bit        Muxes := 5     
	  37 Input      1 Bit        Muxes := 20    
Module variable_clock 
Detailed RTL Component Info : 
+---Adders : 
	   2 Input     32 Bit       Adders := 1     
+---Registers : 
	               32 Bit    Registers := 1     
	                1 Bit    Registers := 1     
+---Muxes : 
	   2 Input     32 Bit        Muxes := 1     
	   2 Input      1 Bit        Muxes := 1     
Module lfsr_rng 
Detailed RTL Component Info : 
+---XORs : 
	   4 Input      1 Bit         XORs := 1     
+---Registers : 
	               16 Bit    Registers := 1     
---------------------------------------------------------------------------------
Finished RTL Hierarchical Component Statistics
---------------------------------------------------------------------------------
---------------------------------------------------------------------------------
Start Part Resource Summary
---------------------------------------------------------------------------------
Part Resources:
DSPs: 90 (col length:60)
BRAMs: 100 (col length: RAMB18 60 RAMB36 30)
---------------------------------------------------------------------------------
Finished Part Resource Summary
---------------------------------------------------------------------------------
---------------------------------------------------------------------------------
Start Cross Boundary and Area Optimization
---------------------------------------------------------------------------------
WARNING: [Synth 8-3331] design Top_Student has unconnected port JA[2]
WARNING: [Synth 8-3331] design Top_Student has unconnected port JC[2]
WARNING: [Synth 8-3331] design Top_Student has unconnected port sw[15]
WARNING: [Synth 8-3331] design Top_Student has unconnected port sw[14]
WARNING: [Synth 8-3331] design Top_Student has unconnected port sw[13]
WARNING: [Synth 8-3331] design Top_Student has unconnected port sw[12]
WARNING: [Synth 8-3331] design Top_Student has unconnected port sw[11]
WARNING: [Synth 8-3331] design Top_Student has unconnected port sw[10]
WARNING: [Synth 8-3331] design Top_Student has unconnected port sw[9]
WARNING: [Synth 8-3331] design Top_Student has unconnected port sw[8]
WARNING: [Synth 8-3331] design Top_Student has unconnected port sw[7]
WARNING: [Synth 8-3331] design Top_Student has unconnected port sw[6]
WARNING: [Synth 8-3331] design Top_Student has unconnected port sw[5]
WARNING: [Synth 8-3331] design Top_Student has unconnected port sw[4]
WARNING: [Synth 8-3331] design Top_Student has unconnected port sw[3]
WARNING: [Synth 8-3331] design Top_Student has unconnected port sw[2]
WARNING: [Synth 8-3331] design Top_Student has unconnected port sw[1]
WARNING: [Synth 8-3331] design Top_Student has unconnected port sw[0]
INFO: [Synth 8-3886] merging instance 'oled_data_reg[0]' (FD) to 'oled_data_reg[2]'
INFO: [Synth 8-3886] merging instance 'oled_data_reg[1]' (FD) to 'oled_data_reg[3]'
INFO: [Synth 8-3886] merging instance 'oled_data_reg[11]' (FD) to 'oled_data_reg[13]'
INFO: [Synth 8-3886] merging instance 'oled_data_reg[12]' (FD) to 'oled_data_reg[14]'
INFO: [Synth 8-4471] merging register 'init_index_y_reg[7:0]' into 'init_index_y_reg[7:0]' [C:/VivadoProjects/ee2026/FDP/FDP.srcs/sources_1/new/a_star.v:216]
WARNING: [Synth 8-6014] Unused sequential element init_index_y_reg was removed.  [C:/VivadoProjects/ee2026/FDP/FDP.srcs/sources_1/new/a_star.v:216]
INFO: [Synth 8-6430] The Block RAM closed_y_reg may get memory collision error if read and write address collide. Use attribute (* rw_addr_collision= "yes" *) to avoid collision 
INFO: [Synth 8-6430] The Block RAM closed_x_reg may get memory collision error if read and write address collide. Use attribute (* rw_addr_collision= "yes" *) to avoid collision 
RAM Pipeline Warning: Read Address Register Found For RAM closed_y_reg. We will not be able to pipeline it. This may degrade performance. 
RAM Pipeline Warning: Read Address Register Found For RAM closed_x_reg. We will not be able to pipeline it. This may degrade performance. 
INFO: [Synth 8-3333] propagating constant 0 across sequential element (\as_mux_inst/a_star_inst /\tile_base_cost_reg[2] )
INFO: [Synth 8-3886] merging instance 'as_mux_inst/a_star_inst/init_index_x_reg[0]__0' (FDRE) to 'as_mux_inst/a_star_inst/init_index_x_reg[0]'
INFO: [Synth 8-3886] merging instance 'as_mux_inst/a_star_inst/init_index_x_reg[1]__0' (FDRE) to 'as_mux_inst/a_star_inst/init_index_x_reg[1]'
INFO: [Synth 8-3886] merging instance 'as_mux_inst/a_star_inst/init_index_x_reg[2]__0' (FDRE) to 'as_mux_inst/a_star_inst/init_index_x_reg[2]'
INFO: [Synth 8-3886] merging instance 'as_mux_inst/a_star_inst/init_index_x_reg[3]__0' (FDRE) to 'as_mux_inst/a_star_inst/init_index_x_reg[3]'
INFO: [Synth 8-3886] merging instance 'as_mux_inst/a_star_inst/init_index_x_reg[4]__0' (FDRE) to 'as_mux_inst/a_star_inst/init_index_x_reg[4]'
INFO: [Synth 8-3886] merging instance 'as_mux_inst/a_star_inst/init_index_x_reg[5]__0' (FDRE) to 'as_mux_inst/a_star_inst/init_index_x_reg[5]'
INFO: [Synth 8-3886] merging instance 'as_mux_inst/a_star_inst/init_index_x_reg[6]__0' (FDRE) to 'as_mux_inst/a_star_inst/init_index_x_reg[6]'
INFO: [Synth 8-3886] merging instance 'as_mux_inst/a_star_inst/init_index_x_reg[7]__0' (FDRE) to 'as_mux_inst/a_star_inst/init_index_x_reg[7]'
INFO: [Synth 8-3886] merging instance 'seg_inst/seg_reg[0]' (FD) to 'seg_inst/seg_reg[4]'
INFO: [Synth 8-3333] propagating constant 1 across sequential element (\seg_inst/seg_reg[7] )
WARNING: [Synth 8-3332] Sequential element (tile_base_cost_reg[2]) is unused and will be removed from module a_star.
WARNING: [Synth 8-3332] Sequential element (cost_array_reg[1][0][7]) is unused and will be removed from module a_star.
WARNING: [Synth 8-3332] Sequential element (cost_array_reg[2][0][7]) is unused and will be removed from module a_star.
WARNING: [Synth 8-3332] Sequential element (cost_array_reg[3][0][7]) is unused and will be removed from module a_star.
WARNING: [Synth 8-3332] Sequential element (cost_array_reg[4][0][7]) is unused and will be removed from module a_star.
WARNING: [Synth 8-3332] Sequential element (cost_array_reg[5][0][7]) is unused and will be removed from module a_star.
WARNING: [Synth 8-3332] Sequential element (cost_array_reg[6][0][7]) is unused and will be removed from module a_star.
WARNING: [Synth 8-3332] Sequential element (cost_array_reg[7][0][7]) is unused and will be removed from module a_star.
WARNING: [Synth 8-3332] Sequential element (cost_array_reg[8][0][7]) is unused and will be removed from module a_star.
WARNING: [Synth 8-3332] Sequential element (cost_array_reg[9][0][7]) is unused and will be removed from module a_star.
WARNING: [Synth 8-3332] Sequential element (cost_array_reg[10][0][7]) is unused and will be removed from module a_star.
WARNING: [Synth 8-3332] Sequential element (cost_array_reg[11][0][7]) is unused and will be removed from module a_star.
WARNING: [Synth 8-3332] Sequential element (cost_array_reg[12][0][7]) is unused and will be removed from module a_star.
WARNING: [Synth 8-3332] Sequential element (cost_array_reg[13][0][7]) is unused and will be removed from module a_star.
WARNING: [Synth 8-3332] Sequential element (cost_array_reg[14][0][7]) is unused and will be removed from module a_star.
WARNING: [Synth 8-3332] Sequential element (cost_array_reg[0][1][7]) is unused and will be removed from module a_star.
WARNING: [Synth 8-3332] Sequential element (cost_array_reg[1][1][7]) is unused and will be removed from module a_star.
WARNING: [Synth 8-3332] Sequential element (cost_array_reg[2][1][7]) is unused and will be removed from module a_star.
WARNING: [Synth 8-3332] Sequential element (cost_array_reg[3][1][7]) is unused and will be removed from module a_star.
WARNING: [Synth 8-3332] Sequential element (cost_array_reg[4][1][7]) is unused and will be removed from module a_star.
WARNING: [Synth 8-3332] Sequential element (cost_array_reg[5][1][7]) is unused and will be removed from module a_star.
WARNING: [Synth 8-3332] Sequential element (cost_array_reg[6][1][7]) is unused and will be removed from module a_star.
WARNING: [Synth 8-3332] Sequential element (cost_array_reg[7][1][7]) is unused and will be removed from module a_star.
WARNING: [Synth 8-3332] Sequential element (cost_array_reg[8][1][7]) is unused and will be removed from module a_star.
WARNING: [Synth 8-3332] Sequential element (cost_array_reg[9][1][7]) is unused and will be removed from module a_star.
WARNING: [Synth 8-3332] Sequential element (cost_array_reg[10][1][7]) is unused and will be removed from module a_star.
WARNING: [Synth 8-3332] Sequential element (cost_array_reg[11][1][7]) is unused and will be removed from module a_star.
WARNING: [Synth 8-3332] Sequential element (cost_array_reg[12][1][7]) is unused and will be removed from module a_star.
WARNING: [Synth 8-3332] Sequential element (cost_array_reg[13][1][7]) is unused and will be removed from module a_star.
WARNING: [Synth 8-3332] Sequential element (cost_array_reg[14][1][7]) is unused and will be removed from module a_star.
WARNING: [Synth 8-3332] Sequential element (cost_array_reg[0][2][7]) is unused and will be removed from module a_star.
WARNING: [Synth 8-3332] Sequential element (cost_array_reg[1][2][7]) is unused and will be removed from module a_star.
WARNING: [Synth 8-3332] Sequential element (cost_array_reg[2][2][7]) is unused and will be removed from module a_star.
WARNING: [Synth 8-3332] Sequential element (cost_array_reg[3][2][7]) is unused and will be removed from module a_star.
WARNING: [Synth 8-3332] Sequential element (cost_array_reg[4][2][7]) is unused and will be removed from module a_star.
WARNING: [Synth 8-3332] Sequential element (cost_array_reg[5][2][7]) is unused and will be removed from module a_star.
WARNING: [Synth 8-3332] Sequential element (cost_array_reg[6][2][7]) is unused and will be removed from module a_star.
WARNING: [Synth 8-3332] Sequential element (cost_array_reg[7][2][7]) is unused and will be removed from module a_star.
WARNING: [Synth 8-3332] Sequential element (cost_array_reg[8][2][7]) is unused and will be removed from module a_star.
WARNING: [Synth 8-3332] Sequential element (cost_array_reg[9][2][7]) is unused and will be removed from module a_star.
WARNING: [Synth 8-3332] Sequential element (cost_array_reg[10][2][7]) is unused and will be removed from module a_star.
WARNING: [Synth 8-3332] Sequential element (cost_array_reg[11][2][7]) is unused and will be removed from module a_star.
WARNING: [Synth 8-3332] Sequential element (cost_array_reg[12][2][7]) is unused and will be removed from module a_star.
WARNING: [Synth 8-3332] Sequential element (cost_array_reg[13][2][7]) is unused and will be removed from module a_star.
WARNING: [Synth 8-3332] Sequential element (cost_array_reg[14][2][7]) is unused and will be removed from module a_star.
WARNING: [Synth 8-3332] Sequential element (cost_array_reg[0][3][7]) is unused and will be removed from module a_star.
WARNING: [Synth 8-3332] Sequential element (cost_array_reg[1][3][7]) is unused and will be removed from module a_star.
WARNING: [Synth 8-3332] Sequential element (cost_array_reg[2][3][7]) is unused and will be removed from module a_star.
WARNING: [Synth 8-3332] Sequential element (cost_array_reg[3][3][7]) is unused and will be removed from module a_star.
WARNING: [Synth 8-3332] Sequential element (cost_array_reg[4][3][7]) is unused and will be removed from module a_star.
WARNING: [Synth 8-3332] Sequential element (cost_array_reg[5][3][7]) is unused and will be removed from module a_star.
WARNING: [Synth 8-3332] Sequential element (cost_array_reg[6][3][7]) is unused and will be removed from module a_star.
WARNING: [Synth 8-3332] Sequential element (cost_array_reg[7][3][7]) is unused and will be removed from module a_star.
WARNING: [Synth 8-3332] Sequential element (cost_array_reg[8][3][7]) is unused and will be removed from module a_star.
WARNING: [Synth 8-3332] Sequential element (cost_array_reg[9][3][7]) is unused and will be removed from module a_star.
WARNING: [Synth 8-3332] Sequential element (cost_array_reg[10][3][7]) is unused and will be removed from module a_star.
WARNING: [Synth 8-3332] Sequential element (cost_array_reg[11][3][7]) is unused and will be removed from module a_star.
WARNING: [Synth 8-3332] Sequential element (cost_array_reg[12][3][7]) is unused and will be removed from module a_star.
WARNING: [Synth 8-3332] Sequential element (cost_array_reg[13][3][7]) is unused and will be removed from module a_star.
WARNING: [Synth 8-3332] Sequential element (cost_array_reg[14][3][7]) is unused and will be removed from module a_star.
WARNING: [Synth 8-3332] Sequential element (cost_array_reg[0][4][7]) is unused and will be removed from module a_star.
WARNING: [Synth 8-3332] Sequential element (cost_array_reg[1][4][7]) is unused and will be removed from module a_star.
WARNING: [Synth 8-3332] Sequential element (cost_array_reg[2][4][7]) is unused and will be removed from module a_star.
WARNING: [Synth 8-3332] Sequential element (cost_array_reg[3][4][7]) is unused and will be removed from module a_star.
WARNING: [Synth 8-3332] Sequential element (cost_array_reg[4][4][7]) is unused and will be removed from module a_star.
WARNING: [Synth 8-3332] Sequential element (cost_array_reg[5][4][7]) is unused and will be removed from module a_star.
WARNING: [Synth 8-3332] Sequential element (cost_array_reg[6][4][7]) is unused and will be removed from module a_star.
WARNING: [Synth 8-3332] Sequential element (cost_array_reg[7][4][7]) is unused and will be removed from module a_star.
WARNING: [Synth 8-3332] Sequential element (cost_array_reg[8][4][7]) is unused and will be removed from module a_star.
WARNING: [Synth 8-3332] Sequential element (cost_array_reg[9][4][7]) is unused and will be removed from module a_star.
WARNING: [Synth 8-3332] Sequential element (cost_array_reg[10][4][7]) is unused and will be removed from module a_star.
WARNING: [Synth 8-3332] Sequential element (cost_array_reg[11][4][7]) is unused and will be removed from module a_star.
WARNING: [Synth 8-3332] Sequential element (cost_array_reg[12][4][7]) is unused and will be removed from module a_star.
WARNING: [Synth 8-3332] Sequential element (cost_array_reg[13][4][7]) is unused and will be removed from module a_star.
WARNING: [Synth 8-3332] Sequential element (cost_array_reg[14][4][7]) is unused and will be removed from module a_star.
WARNING: [Synth 8-3332] Sequential element (cost_array_reg[0][5][7]) is unused and will be removed from module a_star.
WARNING: [Synth 8-3332] Sequential element (cost_array_reg[1][5][7]) is unused and will be removed from module a_star.
WARNING: [Synth 8-3332] Sequential element (cost_array_reg[2][5][7]) is unused and will be removed from module a_star.
WARNING: [Synth 8-3332] Sequential element (cost_array_reg[3][5][7]) is unused and will be removed from module a_star.
WARNING: [Synth 8-3332] Sequential element (cost_array_reg[4][5][7]) is unused and will be removed from module a_star.
WARNING: [Synth 8-3332] Sequential element (cost_array_reg[5][5][7]) is unused and will be removed from module a_star.
WARNING: [Synth 8-3332] Sequential element (cost_array_reg[6][5][7]) is unused and will be removed from module a_star.
WARNING: [Synth 8-3332] Sequential element (cost_array_reg[7][5][7]) is unused and will be removed from module a_star.
WARNING: [Synth 8-3332] Sequential element (cost_array_reg[8][5][7]) is unused and will be removed from module a_star.
WARNING: [Synth 8-3332] Sequential element (cost_array_reg[9][5][7]) is unused and will be removed from module a_star.
WARNING: [Synth 8-3332] Sequential element (cost_array_reg[10][5][7]) is unused and will be removed from module a_star.
WARNING: [Synth 8-3332] Sequential element (cost_array_reg[11][5][7]) is unused and will be removed from module a_star.
WARNING: [Synth 8-3332] Sequential element (cost_array_reg[12][5][7]) is unused and will be removed from module a_star.
WARNING: [Synth 8-3332] Sequential element (cost_array_reg[13][5][7]) is unused and will be removed from module a_star.
WARNING: [Synth 8-3332] Sequential element (cost_array_reg[14][5][7]) is unused and will be removed from module a_star.
WARNING: [Synth 8-3332] Sequential element (cost_array_reg[0][6][7]) is unused and will be removed from module a_star.
WARNING: [Synth 8-3332] Sequential element (cost_array_reg[1][6][7]) is unused and will be removed from module a_star.
WARNING: [Synth 8-3332] Sequential element (cost_array_reg[2][6][7]) is unused and will be removed from module a_star.
WARNING: [Synth 8-3332] Sequential element (cost_array_reg[3][6][7]) is unused and will be removed from module a_star.
WARNING: [Synth 8-3332] Sequential element (cost_array_reg[4][6][7]) is unused and will be removed from module a_star.
WARNING: [Synth 8-3332] Sequential element (cost_array_reg[5][6][7]) is unused and will be removed from module a_star.
WARNING: [Synth 8-3332] Sequential element (cost_array_reg[6][6][7]) is unused and will be removed from module a_star.
WARNING: [Synth 8-3332] Sequential element (cost_array_reg[7][6][7]) is unused and will be removed from module a_star.
WARNING: [Synth 8-3332] Sequential element (cost_array_reg[8][6][7]) is unused and will be removed from module a_star.
WARNING: [Synth 8-3332] Sequential element (cost_array_reg[9][6][7]) is unused and will be removed from module a_star.
INFO: [Common 17-14] Message 'Synth 8-3332' appears 100 times and further instances of the messages will be disabled. Use the Tcl command set_msg_config to change the current settings.
INFO: [Common 17-14] Message 'Synth 8-3332' appears 100 times and further instances of the messages will be disabled. Use the Tcl command set_msg_config to change the current settings.
INFO: [Synth 8-3886] merging instance 'as_mux_inst/a_star_inst/tile_base_cost_reg[1]' (FDE) to 'as_mux_inst/a_star_inst/nb_is_block_reg[0]'
DSP Report: Generating DSP pos_ty0, operation Mode is: A*(B:0x2b).
DSP Report: operator pos_ty0 is absorbed into DSP pos_ty0.
DSP Report: Generating DSP pos_tx0, operation Mode is: A*(B:0x2b).
DSP Report: operator pos_tx0 is absorbed into DSP pos_tx0.
DSP Report: Generating DSP rec_mouse_ty1, operation Mode is: A*(B:0x2b).
DSP Report: operator rec_mouse_ty1 is absorbed into DSP rec_mouse_ty1.
DSP Report: Generating DSP rec_mouse_tx1, operation Mode is: A*(B:0x2b).
DSP Report: operator rec_mouse_tx1 is absorbed into DSP rec_mouse_tx1.
WARNING: [Synth 8-3331] design p2_controller has unconnected port mouse_middle_pulse
INFO: [Synth 8-3333] propagating constant 0 across sequential element (p2_ctrl_inst/\led_reg[1] )
DSP Report: Generating DSP pos_ty0, operation Mode is: A*(B:0x2b).
DSP Report: operator pos_ty0 is absorbed into DSP pos_ty0.
DSP Report: Generating DSP pos_tx0, operation Mode is: A*(B:0x2b).
DSP Report: operator pos_tx0 is absorbed into DSP pos_tx0.
DSP Report: Generating DSP mouse_tx1, operation Mode is: A*(B:0x2b).
DSP Report: operator mouse_tx1 is absorbed into DSP mouse_tx1.
DSP Report: Generating DSP tile_x_of_pixel1, operation Mode is: A*(B:0x2b).
DSP Report: operator tile_x_of_pixel1 is absorbed into DSP tile_x_of_pixel1.
DSP Report: Generating DSP p1_tx_r0, operation Mode is: A*(B:0x2b).
DSP Report: operator p1_tx_r0 is absorbed into DSP p1_tx_r0.
DSP Report: Generating DSP p1_ty_b0, operation Mode is: A*(B:0x2b).
DSP Report: operator p1_ty_b0 is absorbed into DSP p1_ty_b0.
DSP Report: Generating DSP tile_y_of_pixel1, operation Mode is: A*(B:0x2b).
DSP Report: operator tile_y_of_pixel1 is absorbed into DSP tile_y_of_pixel1.
INFO: [Common 17-14] Message 'Synth 8-5546' appears 100 times and further instances of the messages will be disabled. Use the Tcl command set_msg_config to change the current settings.
DSP Report: Generating DSP mouse_ty1, operation Mode is: A*(B:0x2b).
DSP Report: operator mouse_ty1 is absorbed into DSP mouse_ty1.
WARNING: [Synth 8-3331] design package_game_data has unconnected port player
INFO: [Synth 8-3886] merging instance 'pair_inst/data_tx_code_reg[7]' (FDE) to 'pair_inst/data_tx_code_reg[3]'
INFO: [Synth 8-3886] merging instance 'pair_inst/data_tx_code_reg[6]' (FDE) to 'pair_inst/data_tx_code_reg[2]'
INFO: [Synth 8-3886] merging instance 'pair_inst/data_tx_code_reg[5]' (FDE) to 'pair_inst/data_tx_code_reg[1]'
INFO: [Synth 8-3886] merging instance 'pair_inst/data_tx_code_reg[4]' (FDE) to 'pair_inst/data_tx_code_reg[0]'
INFO: [Synth 8-3886] merging instance 'mouse_init_state_reg[0]' (FDE) to 'mouse_value_reg[7]'
INFO: [Synth 8-3886] merging instance 'mouse_init_state_reg[1]' (FDE) to 'mouse_value_reg[6]'
INFO: [Synth 8-3886] merging instance 'mouse_value_reg[0]' (FDE) to 'mouse_value_reg[5]'
INFO: [Synth 8-3886] merging instance 'mouse_value_reg[8]' (FDE) to 'mouse_value_reg[11]'
INFO: [Synth 8-3886] merging instance 'mouse_value_reg[9]' (FDE) to 'mouse_value_reg[11]'
INFO: [Synth 8-3886] merging instance 'mouse_value_reg[10]' (FDE) to 'mouse_value_reg[11]'
INFO: [Synth 8-3333] propagating constant 0 across sequential element (\mouse_value_reg[11] )
INFO: [Synth 8-3886] merging instance 'mouse_value_reg[5]' (FDE) to 'mouse_value_reg[4]'
INFO: [Synth 8-3886] merging instance 'mouse_value_reg[1]' (FDE) to 'mouse_value_reg[4]'
INFO: [Synth 8-3886] merging instance 'mouse_value_reg[2]' (FDE) to 'mouse_value_reg[4]'
INFO: [Synth 8-3886] merging instance 'mouse_value_reg[3]' (FDE) to 'mouse_value_reg[4]'
INFO: [Synth 8-3333] propagating constant 0 across sequential element (tx_inst/\packet_reg[0] )
INFO: [Synth 8-3886] merging instance 'data_tx_reg[7]' (FD) to 'data_tx_reg[3]'
INFO: [Synth 8-3886] merging instance 'data_tx_reg[6]' (FD) to 'data_tx_reg[2]'
INFO: [Synth 8-3886] merging instance 'data_tx_reg[5]' (FD) to 'data_tx_reg[1]'
INFO: [Synth 8-3886] merging instance 'data_tx_reg[4]' (FD) to 'data_tx_reg[0]'
INFO: [Synth 8-3886] merging instance 'mouse_inst/y_max_reg[0]' (FDRE) to 'mouse_inst/y_max_reg[5]'
INFO: [Synth 8-3886] merging instance 'mouse_inst/y_max_reg[1]' (FDRE) to 'mouse_inst/y_max_reg[5]'
INFO: [Synth 8-3886] merging instance 'mouse_inst/y_max_reg[2]' (FDRE) to 'mouse_inst/y_max_reg[5]'
INFO: [Synth 8-3886] merging instance 'mouse_inst/y_max_reg[3]' (FDRE) to 'mouse_inst/y_max_reg[5]'
INFO: [Synth 8-3886] merging instance 'mouse_inst/y_max_reg[4]' (FDRE) to 'mouse_inst/y_max_reg[5]'
INFO: [Synth 8-3886] merging instance 'mouse_inst/x_max_reg[0]' (FDRE) to 'mouse_inst/x_max_reg[5]'
INFO: [Synth 8-3886] merging instance 'mouse_inst/x_max_reg[1]' (FDRE) to 'mouse_inst/x_max_reg[5]'
INFO: [Synth 8-3886] merging instance 'mouse_inst/x_max_reg[2]' (FDRE) to 'mouse_inst/x_max_reg[5]'
INFO: [Synth 8-3886] merging instance 'mouse_inst/x_max_reg[3]' (FDRE) to 'mouse_inst/x_max_reg[5]'
INFO: [Synth 8-3886] merging instance 'mouse_inst/x_max_reg[4]' (FDRE) to 'mouse_inst/x_max_reg[5]'
INFO: [Synth 8-3886] merging instance 'mouse_inst/x_max_reg[8]' (FDSE) to 'mouse_inst/x_max_reg[9]'
INFO: [Synth 8-3886] merging instance 'tx_inst/packet_reg[8]' (FDCE) to 'tx_inst/packet_reg[4]'
INFO: [Synth 8-3886] merging instance 'tx_inst/packet_reg[7]' (FDCE) to 'tx_inst/packet_reg[3]'
INFO: [Synth 8-3886] merging instance 'tx_inst/packet_reg[6]' (FDCE) to 'tx_inst/packet_reg[2]'
INFO: [Synth 8-3886] merging instance 'tx_inst/packet_reg[5]' (FDCE) to 'tx_inst/packet_reg[1]'
INFO: [Common 17-14] Message 'Synth 8-5545' appears 100 times and further instances of the messages will be disabled. Use the Tcl command set_msg_config to change the current settings.
DSP Report: Generating DSP p2_tx_r0, operation Mode is: A*(B:0x2b).
DSP Report: operator p2_tx_r0 is absorbed into DSP p2_tx_r0.
DSP Report: Generating DSP p2_ty_b0, operation Mode is: A*(B:0x2b).
DSP Report: operator p2_ty_b0 is absorbed into DSP p2_ty_b0.
---------------------------------------------------------------------------------
Finished Cross Boundary and Area Optimization : Time (s): cpu = 00:03:06 ; elapsed = 00:03:45 . Memory (MB): peak = 1352.191 ; gain = 1065.258
---------------------------------------------------------------------------------
---------------------------------------------------------------------------------
Start ROM, RAM, DSP and Shift Register Reporting
---------------------------------------------------------------------------------

Block RAM: Preliminary Mapping  Report (see note below)
+------------+--------------+------------------------+---+---+------------------------+---+---+------------------+--------+--------+
|Module Name | RTL Object   | PORT A (Depth x Width) | W | R | PORT B (Depth x Width) | W | R | Ports driving FF | RAMB18 | RAMB36 | 
+------------+--------------+------------------------+---+---+------------------------+---+---+------------------+--------+--------+
|a_star:     | closed_y_reg | 256 x 4(READ_FIRST)    | W |   | 256 x 4(WRITE_FIRST)   |   | R | Port A and B     | 1      | 0      | 
|a_star:     | closed_x_reg | 256 x 4(READ_FIRST)    | W |   | 256 x 4(WRITE_FIRST)   |   | R | Port A and B     | 1      | 0      | 
+------------+--------------+------------------------+---+---+------------------------+---+---+------------------+--------+--------+

Note: The tale above is a preliminary report that shows the Block RAMs at the current stage of the synthesis flow. Some Block RAMs may be reimplemented as non Block RAM primitives later in the synthesis flow. Multiple instantiated Block RAMs are reported only once. 

DSP: Preliminary Mapping  Report (see note below)
+--------------------+-------------+--------+--------+--------+--------+--------+------+------+------+------+-------+------+------+
|Module Name         | DSP Mapping | A Size | B Size | C Size | D Size | P Size | AREG | BREG | CREG | DREG | ADREG | MREG | PREG | 
+--------------------+-------------+--------+--------+--------+--------+--------+------+------+------+------+-------+------+------+
|movement_controller | A*(B:0x2b)  | 12     | 6      | -      | -      | 18     | 0    | 0    | -    | -    | -     | 0    | 0    | 
|movement_controller | A*(B:0x2b)  | 12     | 6      | -      | -      | 18     | 0    | 0    | -    | -    | -     | 0    | 0    | 
|Top_Student__GCB1   | A*(B:0x2b)  | 12     | 6      | -      | -      | 18     | 0    | 0    | -    | -    | -     | 0    | 0    | 
|Top_Student__GCB1   | A*(B:0x2b)  | 12     | 6      | -      | -      | 18     | 0    | 0    | -    | -    | -     | 0    | 0    | 
|movement_controller | A*(B:0x2b)  | 12     | 6      | -      | -      | 18     | 0    | 0    | -    | -    | -     | 0    | 0    | 
|movement_controller | A*(B:0x2b)  | 12     | 6      | -      | -      | 18     | 0    | 0    | -    | -    | -     | 0    | 0    | 
|Top_Student__GCB2   | A*(B:0x2b)  | 12     | 6      | -      | -      | 18     | 0    | 0    | -    | -    | -     | 0    | 0    | 
|Top_Student__GCB3   | A*(B:0x2b)  | 12     | 6      | -      | -      | 18     | 0    | 0    | -    | -    | -     | 0    | 0    | 
|Top_Student__GCB3   | A*(B:0x2b)  | 12     | 6      | -      | -      | 18     | 0    | 0    | -    | -    | -     | 0    | 0    | 
|Top_Student__GCB3   | A*(B:0x2b)  | 12     | 6      | -      | -      | 18     | 0    | 0    | -    | -    | -     | 0    | 0    | 
|Top_Student__GCB3   | A*(B:0x2b)  | 12     | 6      | -      | -      | 18     | 0    | 0    | -    | -    | -     | 0    | 0    | 
|Top_Student__GCB4   | A*(B:0x2b)  | 12     | 6      | -      | -      | 18     | 0    | 0    | -    | -    | -     | 0    | 0    | 
|Top_Student__GCB5   | A*(B:0x2b)  | 12     | 6      | -      | -      | 18     | 0    | 0    | -    | -    | -     | 0    | 0    | 
|Top_Student__GCB5   | A*(B:0x2b)  | 12     | 6      | -      | -      | 18     | 0    | 0    | -    | -    | -     | 0    | 0    | 
+--------------------+-------------+--------+--------+--------+--------+--------+------+------+------+------+-------+------+------+

Note: The table above is a preliminary report that shows the DSPs inferred at the current stage of the synthesis flow. Some DSP may be reimplemented as non DSP primitives later in the synthesis flow. Multiple instantiated DSPs are reported only once.
---------------------------------------------------------------------------------
Finished ROM, RAM, DSP and Shift Register Reporting
---------------------------------------------------------------------------------
INFO: [Synth 8-4480] The timing for the instance i_0/as_mux_inst/a_star_inst/i_180/closed_y_reg (implemented as a block RAM) might be sub-optimal as no optional output register could be merged into the block ram. Providing additional output register may help in improving timing.
INFO: [Synth 8-4480] The timing for the instance i_0/as_mux_inst/a_star_inst/i_183/closed_x_reg (implemented as a block RAM) might be sub-optimal as no optional output register could be merged into the block ram. Providing additional output register may help in improving timing.

Report RTL Partitions: 
+------+-------------------+------------+----------+
|      |RTL Partition      |Replication |Instances |
+------+-------------------+------------+----------+
|1     |interface_fsm__GB0 |           1|      3161|
|2     |interface_fsm__GB1 |           1|       385|
|3     |Top_Student__GCB0  |           1|     14613|
|4     |Top_Student__GCB1  |           1|      9247|
|5     |Top_Student__GCB2  |           1|      5261|
|6     |Top_Student__GCB3  |           1|      8251|
|7     |Top_Student__GCB4  |           1|      6563|
|8     |Top_Student__GCB5  |           1|     11482|
+------+-------------------+------------+----------+
---------------------------------------------------------------------------------
Start Applying XDC Timing Constraints
---------------------------------------------------------------------------------
---------------------------------------------------------------------------------
Finished Applying XDC Timing Constraints : Time (s): cpu = 00:03:17 ; elapsed = 00:03:58 . Memory (MB): peak = 1352.191 ; gain = 1065.258
---------------------------------------------------------------------------------
---------------------------------------------------------------------------------
Start Timing Optimization
---------------------------------------------------------------------------------
INFO: [Synth 8-3886] merging instance 'i_4/oled_data_reg[0]' (FD) to 'i_4/oled_data_reg[2]'
INFO: [Synth 8-3886] merging instance 'i_4/oled_data_reg[1]' (FD) to 'i_4/oled_data_reg[3]'
INFO: [Synth 8-3333] propagating constant 0 across sequential element (i_0/\as_mux_inst/as_bmaw_reg )
---------------------------------------------------------------------------------
Finished Timing Optimization : Time (s): cpu = 00:03:21 ; elapsed = 00:04:02 . Memory (MB): peak = 1352.191 ; gain = 1065.258
---------------------------------------------------------------------------------
---------------------------------------------------------------------------------
Start ROM, RAM, DSP and Shift Register Reporting
---------------------------------------------------------------------------------

Block RAM: Final Mapping  Report
+------------+--------------+------------------------+---+---+------------------------+---+---+------------------+--------+--------+
|Module Name | RTL Object   | PORT A (Depth x Width) | W | R | PORT B (Depth x Width) | W | R | Ports driving FF | RAMB18 | RAMB36 | 
+------------+--------------+------------------------+---+---+------------------------+---+---+------------------+--------+--------+
|a_star:     | closed_y_reg | 256 x 4(READ_FIRST)    | W |   | 256 x 4(WRITE_FIRST)   |   | R | Port A and B     | 1      | 0      | 
|a_star:     | closed_x_reg | 256 x 4(READ_FIRST)    | W |   | 256 x 4(WRITE_FIRST)   |   | R | Port A and B     | 1      | 0      | 
+------------+--------------+------------------------+---+---+------------------------+---+---+------------------+--------+--------+

---------------------------------------------------------------------------------
Finished ROM, RAM, DSP and Shift Register Reporting
---------------------------------------------------------------------------------

Report RTL Partitions: 
+------+-------------------+------------+----------+
|      |RTL Partition      |Replication |Instances |
+------+-------------------+------------+----------+
|1     |interface_fsm__GB0 |           1|      3160|
|2     |interface_fsm__GB1 |           1|       385|
|3     |Top_Student__GCB0  |           1|     14608|
|4     |Top_Student__GCB1  |           1|      9247|
|5     |Top_Student__GCB2  |           1|      5261|
|6     |Top_Student__GCB3  |           1|      8251|
|7     |Top_Student__GCB4  |           1|      6551|
|8     |Top_Student__GCB5  |           1|     11482|
+------+-------------------+------------+----------+
---------------------------------------------------------------------------------
Start Technology Mapping
---------------------------------------------------------------------------------
INFO: [Synth 8-3886] merging instance 'i_4/tx_inst/packet_reg[25]' (FDCE) to 'i_4/tx_inst/busy_reg'
INFO: [Synth 8-3886] merging instance 'i_0/as_mux_inst/i_4520' (FDE) to 'i_0/as_mux_inst/i_4519'
INFO: [Synth 8-3886] merging instance 'i_0/as_mux_inst/i_0' (FDE) to 'i_0/as_mux_inst/i_16'
INFO: [Synth 8-3886] merging instance 'i_0/as_mux_inst/i_1' (FDE) to 'i_0/as_mux_inst/i_17'
INFO: [Synth 8-3886] merging instance 'i_0/as_mux_inst/i_2' (FDRE) to 'i_0/as_mux_inst/i_18'
INFO: [Synth 8-3886] merging instance 'i_0/as_mux_inst/i_3' (FDRE) to 'i_0/as_mux_inst/i_19'
INFO: [Synth 8-3886] merging instance 'i_0/as_mux_inst/i_4' (FDRE) to 'i_0/as_mux_inst/i_20'
INFO: [Synth 8-3886] merging instance 'i_0/as_mux_inst/i_5' (FDRE) to 'i_0/as_mux_inst/i_21'
INFO: [Synth 8-3886] merging instance 'i_0/as_mux_inst/i_6' (FDRE) to 'i_0/as_mux_inst/i_22'
INFO: [Synth 8-4480] The timing for the instance i_0/as_mux_inst/a_star_inst/closed_y_reg (implemented as a block RAM) might be sub-optimal as no optional output register could be merged into the block ram. Providing additional output register may help in improving timing.
INFO: [Synth 8-4480] The timing for the instance i_0/as_mux_inst/a_star_inst/closed_x_reg (implemented as a block RAM) might be sub-optimal as no optional output register could be merged into the block ram. Providing additional output register may help in improving timing.
---------------------------------------------------------------------------------
Finished Technology Mapping : Time (s): cpu = 00:03:32 ; elapsed = 00:04:24 . Memory (MB): peak = 1352.191 ; gain = 1065.258
---------------------------------------------------------------------------------

Report RTL Partitions: 
+------+-------------------+------------+----------+
|      |RTL Partition      |Replication |Instances |
+------+-------------------+------------+----------+
|1     |interface_fsm__GB0 |           1|      3493|
|2     |interface_fsm__GB1 |           1|       865|
|3     |Top_Student__GCB0  |           1|      8708|
|4     |Top_Student__GCB1  |           1|      3729|
|5     |Top_Student__GCB2  |           1|      2188|
|6     |Top_Student__GCB3  |           1|      3746|
|7     |Top_Student__GCB4  |           1|      2869|
|8     |Top_Student__GCB5  |           1|      4713|
+------+-------------------+------------+----------+
---------------------------------------------------------------------------------
Start IO Insertion
---------------------------------------------------------------------------------
---------------------------------------------------------------------------------
Start Flattening Before IO Insertion
---------------------------------------------------------------------------------
---------------------------------------------------------------------------------
Finished Flattening Before IO Insertion
---------------------------------------------------------------------------------
---------------------------------------------------------------------------------
Start Final Netlist Cleanup
---------------------------------------------------------------------------------
INFO: [Synth 8-3333] propagating constant 0 across sequential element (\as_mux_inst/a_star_inst/init_index_y_reg[7] )
INFO: [Synth 8-3886] merging instance 'curr_right_len_reg[3]' (FDE) to 'curr_down_len_reg[2]'
INFO: [Synth 8-3886] merging instance 'curr_right_len_reg[2]' (FDE) to 'curr_down_len_reg[2]'
INFO: [Synth 8-3886] merging instance 'curr_up_len_reg[3]' (FDE) to 'curr_down_len_reg[2]'
INFO: [Synth 8-3886] merging instance 'curr_up_len_reg[2]' (FDE) to 'curr_down_len_reg[2]'
INFO: [Synth 8-3886] merging instance 'curr_left_len_reg[3]' (FDE) to 'curr_down_len_reg[2]'
INFO: [Synth 8-3886] merging instance 'curr_left_len_reg[2]' (FDE) to 'curr_down_len_reg[2]'
INFO: [Synth 8-3886] merging instance 'curr_down_len_reg[2]' (FDE) to 'curr_down_len_reg[3]'
INFO: [Synth 8-3333] propagating constant 0 across sequential element (\curr_down_len_reg[3] )
INFO: [Synth 8-3886] merging instance 'p1_ctrl_inst/p1_bomb_inst/bomb_count_r_reg[1]' (FD) to 'led_reg[13]'
INFO: [Synth 8-3886] merging instance 'p1_ctrl_inst/p1_bomb_inst/bomb_count_r_reg[0]' (FD) to 'led_reg[12]'
INFO: [Synth 8-3886] merging instance 'p1_ctrl_inst/p1_bomb_inst/bomb_radius_r_reg[1]' (FD) to 'led_reg[15]'
INFO: [Synth 8-3886] merging instance 'p1_ctrl_inst/p1_bomb_inst/bomb_radius_r_reg[0]' (FD) to 'led_reg[14]'
INFO: [Synth 8-3886] merging instance 'p2_ctrl_inst/p2_bomb_inst/bomb_count_r_reg[0]' (FD) to 'led_reg[6]'
INFO: [Synth 8-3886] merging instance 'p2_ctrl_inst/p2_bomb_inst/bomb_count_r_reg[1]' (FD) to 'led_reg[7]'
INFO: [Synth 8-3886] merging instance 'p2_ctrl_inst/p2_bomb_inst/bomb_radius_r_reg[1]' (FD) to 'led_reg[9]'
INFO: [Synth 8-3886] merging instance 'p2_ctrl_inst/p2_bomb_inst/bomb_radius_r_reg[0]' (FD) to 'led_reg[8]'
INFO: [Synth 8-4480] The timing for the instance as_mux_inst/a_star_inst/closed_y_reg (implemented as a block RAM) might be sub-optimal as no optional output register could be merged into the block ram. Providing additional output register may help in improving timing.
INFO: [Synth 8-4480] The timing for the instance as_mux_inst/a_star_inst/closed_x_reg (implemented as a block RAM) might be sub-optimal as no optional output register could be merged into the block ram. Providing additional output register may help in improving timing.
INFO: [Synth 8-5365] Flop mouse_inst/Inst_Ps2Interface/ps2_clk_h_reg is being inverted and renamed to mouse_inst/Inst_Ps2Interface/ps2_clk_h_reg_inv.
INFO: [Synth 8-5365] Flop mouse_inst/Inst_Ps2Interface/ps2_data_h_reg is being inverted and renamed to mouse_inst/Inst_Ps2Interface/ps2_data_h_reg_inv.
---------------------------------------------------------------------------------
Finished Final Netlist Cleanup
---------------------------------------------------------------------------------
---------------------------------------------------------------------------------
Finished IO Insertion : Time (s): cpu = 00:03:37 ; elapsed = 00:04:29 . Memory (MB): peak = 1352.191 ; gain = 1065.258
---------------------------------------------------------------------------------

Report Check Netlist: 
+------+------------------+-------+---------+-------+------------------+
|      |Item              |Errors |Warnings |Status |Description       |
+------+------------------+-------+---------+-------+------------------+
|1     |multi_driven_nets |      0|        0|Passed |Multi driven nets |
+------+------------------+-------+---------+-------+------------------+
---------------------------------------------------------------------------------
Start Renaming Generated Instances
---------------------------------------------------------------------------------
---------------------------------------------------------------------------------
Finished Renaming Generated Instances : Time (s): cpu = 00:03:38 ; elapsed = 00:04:29 . Memory (MB): peak = 1352.191 ; gain = 1065.258
---------------------------------------------------------------------------------

Report RTL Partitions: 
+-+--------------+------------+----------+
| |RTL Partition |Replication |Instances |
+-+--------------+------------+----------+
+-+--------------+------------+----------+
---------------------------------------------------------------------------------
Start Rebuilding User Hierarchy
---------------------------------------------------------------------------------
---------------------------------------------------------------------------------
Finished Rebuilding User Hierarchy : Time (s): cpu = 00:03:40 ; elapsed = 00:04:31 . Memory (MB): peak = 1352.191 ; gain = 1065.258
---------------------------------------------------------------------------------
---------------------------------------------------------------------------------
Start Renaming Generated Ports
---------------------------------------------------------------------------------
---------------------------------------------------------------------------------
Finished Renaming Generated Ports : Time (s): cpu = 00:03:40 ; elapsed = 00:04:31 . Memory (MB): peak = 1352.191 ; gain = 1065.258
---------------------------------------------------------------------------------
---------------------------------------------------------------------------------
Start Handling Custom Attributes
---------------------------------------------------------------------------------
---------------------------------------------------------------------------------
Finished Handling Custom Attributes : Time (s): cpu = 00:03:41 ; elapsed = 00:04:32 . Memory (MB): peak = 1352.191 ; gain = 1065.258
---------------------------------------------------------------------------------
---------------------------------------------------------------------------------
Start Renaming Generated Nets
---------------------------------------------------------------------------------
---------------------------------------------------------------------------------
Finished Renaming Generated Nets : Time (s): cpu = 00:03:41 ; elapsed = 00:04:32 . Memory (MB): peak = 1352.191 ; gain = 1065.258
---------------------------------------------------------------------------------
---------------------------------------------------------------------------------
Start ROM, RAM, DSP and Shift Register Reporting
---------------------------------------------------------------------------------

Static Shift Register Report:
+------------+-------------------------+--------+-------+--------------+--------------------+-------------------+--------+---------+
|Module Name | RTL Name                | Length | Width | Reset Signal | Pull out first Reg | Pull out last Reg | SRL16E | SRLC32E | 
+------------+-------------------------+--------+-------+--------------+--------------------+-------------------+--------+---------+
|Top_Student | random_unit/rnd_reg[10] | 3      | 1     | NO           | NO                 | YES               | 1      | 0       | 
+------------+-------------------------+--------+-------+--------------+--------------------+-------------------+--------+---------+

---------------------------------------------------------------------------------
Finished ROM, RAM, DSP and Shift Register Reporting
---------------------------------------------------------------------------------
---------------------------------------------------------------------------------
Start Writing Synthesis Report
---------------------------------------------------------------------------------

Report BlackBoxes: 
+-+--------------+----------+
| |BlackBox name |Instances |
+-+--------------+----------+
+-+--------------+----------+

Report Cell Usage: 
+------+---------+------+
|      |Cell     |Count |
+------+---------+------+
|1     |BUFG     |     3|
|2     |CARRY4   |  1054|
|3     |DSP48E1  |    14|
|4     |LUT1     |   150|
|5     |LUT2     |  1363|
|6     |LUT3     |  1564|
|7     |LUT4     |  1577|
|8     |LUT5     |  3286|
|9     |LUT6     | 12324|
|10    |MUXF7    |  1478|
|11    |MUXF8    |   285|
|12    |RAMB18E1 |     2|
|13    |SRL16E   |     1|
|14    |FDE_1    |    64|
|15    |FDRE     |  4546|
|16    |FDSE     |  2690|
|17    |IBUF     |     7|
|18    |IOBUF    |     2|
|19    |OBUF     |    42|
|20    |OBUFT    |     3|
+------+---------+------+

Report Instance Areas: 
+------+----------------------+-------------------------------+------+
|      |Instance              |Module                         |Cells |
+------+----------------------+-------------------------------+------+
|1     |top                   |                               | 30455|
|2     |  game_inst           |package_game_data              |    22|
|3     |  as_mux_inst         |a_star_mux                     |  8790|
|4     |    a_star_inst       |a_star                         |  7918|
|5     |  clk_6p25m_inst      |variable_clock__parameterized0 |    51|
|6     |  clk_inst            |variable_clock                 |    52|
|7     |  mouse_inst          |MouseCtl                       |   837|
|8     |    Inst_Ps2Interface |Ps2Interface                   |   290|
|9     |  oled_game           |Oled_Display                   |  4456|
|10    |  oled_powerup        |Oled_Display_0                 |   508|
|11    |  p1_ctrl_inst        |p1_controller                  |  4061|
|12    |    p1_bomb_inst      |bomb_controller_5              |  1921|
|13    |    p1_stun           |stun_controller_6              |   126|
|14    |    player_move       |movement_controller_7          |  1545|
|15    |  p2_ctrl_inst        |p2_controller                  |  5122|
|16    |    bot_escape_inst   |bot_escape                     |  1175|
|17    |    p2_bomb_inst      |bomb_controller                |  1943|
|18    |    p2_move           |movement_controller            |  1330|
|19    |    p2_stun           |stun_controller                |   102|
|20    |  pair_inst           |pairing_fsm                    |   398|
|21    |  random_unit         |lfsr_rng                       |   891|
|22    |  rx_inst             |uart_rx                        |   296|
|23    |  seg_inst            |seven_segment                  |    54|
|24    |  tx_inst             |uart_tx                        |    92|
|25    |  ui_inst             |interface_fsm                  |   935|
|26    |    dbC_inst          |debounce                       |    64|
|27    |    dbD_inst          |debounce_1                     |    52|
|28    |    dbL_inst          |debounce_2                     |    46|
|29    |    dbR_inst          |debounce_3                     |    45|
|30    |    dbU_inst          |debounce_4                     |    45|
+------+----------------------+-------------------------------+------+
---------------------------------------------------------------------------------
Finished Writing Synthesis Report : Time (s): cpu = 00:03:41 ; elapsed = 00:04:32 . Memory (MB): peak = 1352.191 ; gain = 1065.258
---------------------------------------------------------------------------------
Synthesis finished with 0 errors, 0 critical warnings and 126 warnings.
Synthesis Optimization Runtime : Time (s): cpu = 00:02:55 ; elapsed = 00:04:17 . Memory (MB): peak = 1352.191 ; gain = 850.504
Synthesis Optimization Complete : Time (s): cpu = 00:03:41 ; elapsed = 00:04:34 . Memory (MB): peak = 1352.191 ; gain = 1065.258
INFO: [Project 1-571] Translating synthesized netlist
INFO: [Netlist 29-17] Analyzing 2906 Unisim elements for replacement
INFO: [Netlist 29-28] Unisim Transformation completed in 0 CPU seconds
INFO: [Project 1-570] Preparing netlist for logic optimization
INFO: [Opt 31-138] Pushed 0 inverter(s) to 0 load pin(s).
INFO: [Project 1-111] Unisim Transformation Summary:
  A total of 66 instances were transformed.
  FDE_1 => FDRE (inverted pins: C): 64 instances
  IOBUF => IOBUF (IBUF, OBUFT): 2 instances

INFO: [Common 17-83] Releasing license: Synthesis
528 Infos, 158 Warnings, 0 Critical Warnings and 0 Errors encountered.
synth_design completed successfully
synth_design: Time (s): cpu = 00:03:46 ; elapsed = 00:04:41 . Memory (MB): peak = 1352.191 ; gain = 1076.742
WARNING: [Constraints 18-5210] No constraint will be written out.
INFO: [Common 17-1381] The checkpoint 'C:/VivadoProjects/ee2026/FDP/FDP.runs/synth_1/Top_Student.dcp' has been generated.
INFO: [runtcl-4] Executing : report_utilization -file Top_Student_utilization_synth.rpt -pb Top_Student_utilization_synth.pb
report_utilization: Time (s): cpu = 00:00:00 ; elapsed = 00:00:00.192 . Memory (MB): peak = 1352.191 ; gain = 0.000
INFO: [Common 17-206] Exiting Vivado at Mon Apr  6 04:12:43 2026...
